"uid","score"
1,0.947881443
2,0.949296574
9,0.776165735
12,0.925963233
14,0.787153983
20,0.923753565
25,0.922214973
28,0.929204066
30,0.872009015
33,0.857437071
35,0.819635241
37,0.957342552
43,1.007056809
44,0.911230441
45,1.006152196
46,0.871798798
52,0.946964302
53,0.880054443
55,0.621633601
56,0.960466673
57,0.92591056
59,0.923259607
60,0.907754827
66,0.953055442
74,0.742647071
75,0.924702859
83,0.845721694
84,0.841861658
87,0.962200805
88,0.945330269
95,0.80932007
100,0.957734723
101,0.925307647
105,0.45330044
111,0.80354198
114,1.01090596
116,0.971485913
118,0.53648022
119,0.960633712
123,0.981023428
129,0.962880233
131,0.842011672
132,0.513013909
137,0.98029276
143,0.963695357
147,0.92347293
148,0.950214966
149,0.899801826
156,0.832054464
161,0.813102476
162,0.773989393
170,0.851296455
179,1.023737429
184,0.818996637
187,0.898059901
191,0.833773175
198,0.944848309
206,0.837926766
212,0.76981886
221,0.935616006
222,1.005620801
225,0.958467951
226,0.924513015
228,0.839183408
232,0.989433418
236,0.855348871
237,1.010313488
242,0.315607116
247,0.975895298
252,0.92164249
253,0.896477479
255,0.837541547
258,0.926229983
261,0.829349878
264,1.026149992
268,0.888355491
275,0.810211662
292,0.732122998
293,0.989915382
295,0.815908375
305,0.954453324
325,0.95892284
328,0.971246076
330,0.860415922
334,0.976405147
335,0.955773693
350,0.962725032
351,0.860271485
354,0.838638136
357,0.8697239
360,0.898491591
361,0.974464901
365,0.895669455
368,0.83207582
369,0.791782737
370,0.983536341
374,0.765312388
375,0.837117295
377,0.980869999
389,0.524669408
390,0.909274425
399,0.886441411
401,0.960088367
402,0.759288106
403,0.899606676
404,0.790229383
405,0.826799251
415,0.697567932
416,0.752185048
417,0.92462246
425,0.880440064
430,0.993476695
436,0.948481361
442,0.987245496
445,0.996313177
446,0.729900072
447,0.991231081
451,0.847135202
459,0.962323585
461,0.985574199
462,0.930624931
464,0.784192351
465,0.673195133
470,0.955436147
471,0.837550738
473,0.790782554
481,0.650433037
482,0.965977075
487,1.008361239
489,0.944743396
524,0.985771336
528,0.923716758
535,0.719956032
536,0.88677968
545,0.957160376
551,0.937032408
552,0.853406714
563,0.935109134
566,0.886163081
573,0.931068534
576,0.75969316
577,0.841237691
579,1.005005323
583,0.987104255
595,0.825520843
596,0.962381196
598,0.784367293
600,0.848476772
603,0.971738464
607,0.934651873
608,0.894840778
613,0.853851443
614,0.974797367
616,0.957978399
618,0.949705007
620,0.850454033
623,0.958143227
624,0.874800005
628,0.93155831
630,0.76368599
637,0.900863518
645,0.927355643
652,0.738085625
653,0.894669297
665,0.97671533
667,0.63476067
668,0.961984647
669,0.852051634
678,0.758690885
680,0.98513375
684,0.976613591
687,0.942685183
695,0.854349376
699,0.97602722
702,0.899879236
704,0.964924861
705,0.574550627
707,0.764060842
711,0.982881726
716,0.878917315
722,0.804526216
732,0.998818855
741,0.526314396
745,0.942022639
747,0.842528051
748,0.917768843
750,0.833548095
753,0.892216982
756,0.952965271
765,1.002346642
769,0.931196431
775,0.670487385
777,0.773084288
781,0.982654204
791,0.945639926
792,0.905699166
794,0.960008168
800,0.927938059
802,0.88985074
811,1.004688482
812,0.986444247
813,0.982029095
816,0.995682882
818,0.723296479
822,0.922156597
829,0.927628836
830,0.930606116
833,0.88139943
838,0.762241188
839,0.674615509
841,0.949062984
842,0.859036065
843,0.834760767
849,0.735265481
855,0.975457729
856,0.966586076
860,0.964098507
871,0.961972384
874,0.958382849
876,0.968561631
879,0.982620796
881,0.61127013
890,0.881494878
898,0.97034991
901,0.927859653
904,0.873211402
913,0.992137674
914,0.92484595
915,0.765080753
924,0.988969467
925,0.890728463
927,0.551260152
928,0.779908316
929,0.849001513
934,0.990837991
935,0.968426357
937,0.903664946
938,0.783581707
939,0.958332854
940,0.97850921
943,0.968130951
944,0.933498764
951,0.943134679
954,0.960031222
957,0.885193456
959,0.777491721
963,0.96633935
967,0.713008249
970,0.901741579
973,0.920888098
974,0.97139504
979,0.922849216
985,0.93156695
990,0.873225301
991,1.000699057
993,0.673299517
994,0.827616551
999,0.923062855
1002,0.978531025
1009,0.72149834
1014,1.014949331
1017,0.954299539
1019,0.967831175
1026,0.684391743
1031,0.944557435
1032,0.935018742
1033,0.935125565
1036,0.677384767
1037,0.96898315
1042,0.938607451
1043,0.964250465
1044,0.797325454
1048,0.889952237
1052,0.977588602
1053,0.990220289
1061,0.959396012
1072,0.96720073
1077,0.748072444
1081,0.909882642
1082,0.839557901
1085,0.86389334
1087,0.997315499
1095,0.998158364
1096,0.930315998
1097,0.851148855
1098,1.012147138
1099,0.875819477
1115,0.741270637
1117,0.897388155
1120,0.854714887
1122,0.977456707
1132,0.870098464
1139,0.976115447
1142,0.776550234
1149,0.803957249
1151,0.965553152
1157,0.884101788
1160,0.762772052
1162,0.985389669
1166,0.96377122
1169,0.964861235
1174,0.914561214
1178,0.968468802
1180,0.987074127
1182,0.934993688
1189,0.963894297
1190,0.892719044
1196,0.724441359
1198,0.799783875
1199,0.738254895
1204,0.999660481
1205,0.918524547
1208,0.651711981
1209,0.785562782
1210,0.982007334
1212,0.845236119
1214,0.925835688
1215,0.912607108
1222,0.803681473
1227,0.865167731
1228,0.79460244
1236,0.912881459
1237,0.937915061
1238,0.892825727
1243,0.975614655
1244,0.94271052
1245,0.692731196
1251,0.854621499
1253,0.921494574
1259,0.927889939
1260,0.931263476
1264,0.892904412
1266,0.848576753
1276,0.797643486
1285,0.713281778
1287,0.84890511
1292,0.910767588
1299,1.0353938
1306,0.94770106
1312,0.979581753
1314,0.980178892
1315,0.97121162
1316,0.899744883
1318,0.953288688
1326,0.903556603
1330,0.642708908
1343,0.941822922
1344,0.814857587
1346,0.940822173
1347,0.607976999
1350,0.668300484
1354,0.900240148
1357,0.897141791
1360,0.97254833
1362,0.83983751
1365,0.8663189
1366,0.935966152
1367,0.95152412
1372,0.95595088
1374,0.954593955
1375,0.803280229
1377,0.971364993
1378,0.835747979
1381,0.952229904
1382,0.594472157
1394,0.830650101
1395,1.005107135
1402,0.966636178
1408,0.995241179
1409,0.927351017
1414,1.019338309
1420,0.994976418
1425,0.984972248
1426,0.897639486
1433,0.993762561
1435,0.958338238
1437,0.931244234
1450,0.751314785
1457,0.945931005
1458,0.697631552
1462,0.83210409
1463,0.944943396
1465,0.97286888
1468,0.893200982
1473,0.803062149
1482,0.888487326
1486,0.874093895
1488,0.236686542
1489,0.909233034
1496,0.965993151
1497,0.99671848
1501,1.032592104
1507,0.926967078
1516,0.979045834
1519,1.033892358
1528,0.932262961
1534,0.92913071
1536,0.68672136
1540,0.913914096
1541,0.86641911
1547,0.963135912
1550,0.981355749
1561,0.923046462
1562,0.802254005
1568,0.978824001
1573,0.957239756
1574,0.737404192
1577,0.813625117
1583,0.911686739
1584,0.914173406
1589,0.979607481
1591,1.020113587
1598,0.880926601
1604,0.94707377
1608,0.956122273
1611,0.636464559
1612,0.971925016
1623,0.843149949
1624,1.005780335
1631,0.978016384
1658,0.908087573
1659,0.773558245
1668,0.960213692
1669,0.811866886
1671,0.835126651
1674,0.904228629
1680,0.453565002
1681,0.957817947
1682,0.896765726
1688,0.993648161
1690,0.914094245
1698,0.936094886
1699,0.986203785
1707,0.671977851
1710,0.900440376
1711,0.950460855
1721,0.978953788
1725,0.91430563
1731,0.960107072
1737,0.974180033
1742,0.814070294
1749,0.614595343
1750,0.928730566
1752,1.003486453
1760,0.982556586
1764,0.956741162
1770,1.006811182
1773,0.992878981
1776,0.950108433
1781,0.753911218
1785,0.922906745
1786,1.029326284
1788,0.846411484
1794,0.823549916
1795,0.995917828
1797,0.923987116
1798,0.968893181
1803,0.94062261
1804,0.928739271
1809,0.83739429
1824,0.94010046
1831,0.661023984
1833,0.929711759
1834,0.893408663
1835,0.954646185
1836,0.957462978
1838,0.886255894
1840,0.957577212
1841,0.979399277
1842,0.918082304
1845,0.958349506
1853,0.930477228
1854,1.010573375
1855,0.883963806
1858,0.958405297
1859,0.945850012
1862,0.725359446
1863,0.959964805
1866,0.928041302
1872,0.9810198
1876,0.922249271
1882,0.973778715
1885,0.949829795
1889,0.914656774
1910,0.959490146
1914,0.957361761
1923,0.955979639
1926,0.746112886
1929,1.004778469
1933,0.841208513
1938,0.971365903
1944,0.98334617
1946,0.933440302
1958,0.948404654
1961,0.871976363
1963,0.939785821
1966,0.833328537
1970,0.891913482
1971,0.516656655
1972,0.930429806
1975,0.982790458
1976,1.000292803
1978,0.890088138
1980,0.963593076
1982,0.967685706
1985,0.980109256
1989,0.982396548
1993,0.874748515
1994,0.954292
1995,0.862260669
1996,0.86808681
1997,0.815259305
1998,0.31827188
2002,0.95765176
2003,0.990195953
2011,0.96166123
2020,0.897715728
2022,0.990774617
2031,0.962080465
2032,0.983590515
2033,0.954850969
2045,0.800570357
2048,0.764721412
2052,0.92331977
2053,0.954098346
2057,0.831821222
2058,0.870831332
2063,0.917273659
2095,0.891910209
2096,0.841745531
2112,0.650957032
2119,0.956559511
2120,1.042038304
2122,0.705852817
2130,0.962763695
2134,0.937706228
2139,0.979969447
2142,0.887558599
2144,0.767272129
2147,0.631069972
2148,0.994104603
2152,0.934343848
2158,0.917212184
2159,0.671722994
2162,0.729085151
2163,0.941225308
2166,0.958064419
2170,0.991580846
2171,0.8097095
2172,0.843005899
2174,0.641855024
2177,0.94180806
2201,0.819047061
2203,0.740426337
2206,0.93421055
2208,0.846454545
2209,0.821010595
2218,0.886342065
2224,0.997439388
2229,0.958901418
2231,0.992257392
2232,0.989883907
2236,0.974667234
2242,1.000759747
2245,0.94493055
2252,0.911258818
2254,0.830273032
2256,0.871395398
2260,0.938567134
2262,0.947378232
2263,0.808750393
2264,0.940912704
2267,0.873618858
2268,0.846558679
2270,0.914879212
2272,1.019381592
2273,0.882979788
2274,0.855019195
2278,0.96759109
2279,1.015707023
2282,0.950925611
2285,0.843247242
2288,0.960290384
2289,0.935202317
2294,0.971932927
2301,0.934571048
2303,0.927493979
2305,0.997039008
2306,0.949520695
2327,0.990918531
2333,0.824952626
2336,0.854061158
2338,0.969327339
2339,0.973354506
2340,1.016357986
2346,0.958065435
2348,0.993173861
2349,1.038418549
2352,0.979246281
2357,0.937583893
2371,0.999876914
2374,0.92311106
2376,0.938129503
2379,0.505148836
2388,0.95842547
2390,0.792135534
2396,0.931352014
2402,0.92414977
2403,0.918075574
2405,0.825047775
2412,0.911881886
2413,0.897327027
2415,0.756258487
2428,0.902643273
2431,0.798781152
2451,0.791389709
2455,0.698663631
2456,0.980908401
2470,0.95577884
2471,0.779070993
2473,0.898460275
2481,0.917872233
2485,0.952984281
2487,0.915409766
2488,0.992116832
2492,0.912115483
2505,0.921975514
2514,0.934958012
2517,0.97382391
2521,0.946017615
2523,0.981527498
2525,0.881754373
2527,0.921903412
2528,0.907229811
2532,0.783450555
2533,0.932596156
2535,0.865787674
2542,0.90643146
2547,1.013522751
2549,0.883186143
2555,0.893641547
2560,0.983592729
2584,0.84012361
2586,0.493427401
2594,0.905246791
2595,0.846107225
2605,0.984596025
2606,0.95181302
2607,0.876458813
2609,0.914841785
2610,0.870142883
2611,0.930653931
2614,0.977972924
2622,0.994612279
2628,0.950718165
2629,0.974646885
2636,0.924047408
2637,0.968246858
2640,0.953394881
2645,0.975682798
2647,0.955598956
2649,0.992111919
2652,0.837738246
2655,0.735895297
2656,0.711768933
2662,0.282639334
2666,0.926754008
2667,0.914613455
2680,0.854195939
2684,1.008195262
2696,0.91632503
2700,0.975320695
2701,0.83342775
2706,0.890110425
2710,0.942388
2713,0.599938411
2717,0.818603014
2720,0.987576455
2722,0.961180196
2723,0.952407525
2726,0.905837492
2732,0.956793182
2746,0.92627199
2757,1.021937301
2758,1.026102068
2762,0.731569284
2765,0.949076816
2770,0.629940713
2771,0.905536978
2784,0.972663237
2785,0.831528152
2789,0.722341741
2799,0.950333475
2800,0.900990456
2810,0.987750934
2814,0.969128605
2816,0.938138279
2820,0.74899026
2824,0.928163751
2830,0.896918492
2832,0.654541274
2833,1.00810621
2834,0.857493386
2839,0.960576022
2840,0.875723146
2842,0.999141076
2846,0.987853164
2865,0.677102974
2868,0.927479913
2876,0.905161348
2880,0.820236675
2885,0.716012844
2886,0.794853917
2893,0.954369022
2895,0.77836608
2898,0.912696927
2903,0.930200705
2904,0.828086776
2917,0.984530132
2919,0.955609668
2921,0.982930763
2922,0.853524704
2931,0.961466746
2932,0.885034285
2934,0.914415721
2937,0.960009851
2940,0.991160277
2941,0.985201579
2944,0.893932567
2946,0.892970582
2949,0.997971653
2951,0.8866841
2958,1.017160518
2959,0.912312007
2961,0.679483302
2964,0.300003955
2966,0.897474033
2968,0.970983171
2975,0.966718253
2978,0.915955967
2986,1.015922533
2987,0.921861219
2989,0.971588309
2993,0.79311157
2997,0.740227556
2999,0.731931792
3016,0.73147405
3017,0.922173102
3019,0.938366101
3024,0.98651092
3026,0.967611995
3042,0.985194604
3043,0.982507204
3052,0.896923348
3055,0.94362989
3058,0.775068934
3060,1.021317277
3070,0.825949623
3073,0.643963558
3079,0.956787273
3080,0.990754127
3081,0.667748595
3083,0.95082246
3087,0.852996004
3089,0.829964854
3090,0.868651535
3093,0.924225744
3095,0.87318277
3097,0.962075361
3101,0.934420334
3104,0.823735731
3105,0.768195484
3106,0.86354426
3115,0.920204827
3124,1.005987699
3125,0.968062358
3127,0.87483171
3140,0.949178702
3145,0.822676461
3146,0.968801212
3149,0.929897826
3150,0.984351596
3152,0.849467777
3165,0.912983417
3173,0.731823
3180,0.915644933
3183,0.896294857
3188,0.95563836
3189,0.971468319
3194,0.918085089
3209,0.839019827
3210,0.811015241
3214,0.796886081
3217,0.940304715
3219,0.71339496
3226,0.89381761
3228,0.883658546
3229,0.845090019
3238,0.94829359
3243,0.987507299
3245,0.846185231
3249,0.749545977
3250,0.834110367
3256,0.930512516
3260,0.821946238
3261,0.978020583
3267,0.982724107
3273,0.985830412
3274,0.770410423
3275,0.899588379
3285,0.868283878
3291,0.928066439
3295,0.9860226
3299,0.520527666
3300,0.868505096
3305,0.903066448
3306,0.852340828
3313,0.833673469
3314,0.845269659
3315,0.983546437
3319,0.97854735
3321,0.968730261
3324,0.730665184
3327,1.020041023
3328,0.881657458
3332,0.669589374
3335,0.810070571
3336,0.789145164
3338,0.914070783
3339,0.941860759
3343,1.004911145
3345,0.892105406
3347,0.96735683
3351,1.003703677
3353,1.000206351
3358,0.85163166
3362,0.832515758
3365,0.83253749
3367,0.849560816
3371,0.907791403
3372,0.936704958
3377,0.898740385
3379,0.997602687
3380,0.936400495
3382,0.974711999
3387,1.026902981
3388,0.864393613
3389,0.984720381
3394,1.000802128
3397,1.007531663
3399,0.854229149
3400,0.978645379
3406,0.811864073
3411,0.846981145
3412,0.937919005
3413,0.82561079
3416,0.973898796
3417,0.928802014
3418,0.982321414
3419,0.625975383
3423,0.828988828
3424,0.789295183
3428,0.781764514
3429,0.852971498
3430,0.71322891
3433,0.829642222
3437,1.00857581
3439,0.904842208
3441,0.947063466
3447,0.906164143
3448,0.889979983
3451,0.911291691
3458,1.003580843
3459,0.900232346
3462,0.879062387
3466,0.991847519
3470,0.91471539
3477,0.991685876
3479,0.957707257
3481,0.823155255
3490,0.897302249
3491,0.832800831
3495,0.572828118
3504,0.508512961
3512,0.567250459
3513,0.93232156
3523,0.752610047
3526,0.907415272
3530,0.883032184
3535,0.788654307
3536,0.850490829
3543,0.743069021
3547,0.93376877
3549,0.777754092
3560,0.686077725
3564,0.89557547
3567,0.990460945
3574,0.951293219
3585,0.946669918
3589,0.809340702
3597,1.010627561
3600,0.71392251
3605,1.009346101
3607,0.921337077
3611,0.982687591
3612,0.970078453
3613,0.83703276
3622,0.942587124
3623,0.886621611
3639,0.735830156
3642,0.766118777
3644,0.825672614
3646,0.969403164
3648,0.830517537
3651,0.940211555
3655,0.922854875
3661,0.985335035
3662,0.998802271
3663,0.960889275
3666,0.873175024
3667,0.828151191
3669,0.890565887
3677,0.95780213
3685,0.969688771
3689,0.970358334
3690,0.882990929
3697,0.973718979
3700,0.88709207
3704,0.771607645
3711,0.999571563
3715,0.994524548
3716,0.973443748
3723,0.783233688
3727,0.973152596
3728,0.918277116
3730,1.000365426
3734,0.936490255
3738,0.975102534
3741,0.975126438
3742,0.937901803
3744,0.826451819
3749,0.994822546
3750,0.785676632
3751,0.933765069
3752,0.957645116
3753,0.97049712
3754,0.873225334
3755,0.987270617
3757,0.869722526
3769,0.958656734
3772,0.905377993
3777,0.949495167
3780,0.891456153
3785,1.003929821
3787,0.860534168
3789,0.914634543
3791,0.923904929
3793,0.851591212
3795,0.944141184
3803,1.001671029
3804,0.783773572
3806,0.969561873
3807,0.926676821
3826,0.903527251
3829,0.940678906
3832,0.643078715
3837,0.924077142
3850,0.91363239
3852,0.828102694
3857,0.993955777
3858,0.676718882
3876,0.901365733
3882,0.923808885
3886,0.714040643
3888,0.889353255
3891,0.917850328
3893,0.952369325
3906,0.983503395
3910,0.906825687
3913,0.839867669
3919,0.812535278
3922,0.97115513
3938,0.986092691
3939,0.993479237
3943,0.916158923
3944,0.957874294
3945,0.955895382
3952,0.943970783
3956,0.482449683
3961,0.995826007
3965,0.7757072
3983,0.934467719
3988,0.932327379
3990,0.948025129
3998,0.803115898
4003,0.900992493
4004,0.937568142
4012,0.934103636
4024,0.998003216
4025,0.817737387
4026,0.832997736
4032,0.971765008
4034,0.956536238
4040,0.962800101
4042,0.979442903
4044,0.859885382
4048,0.976619855
4053,0.797258302
4055,0.715956043
4059,0.932741431
4063,0.745818777
4066,0.776397647
4067,0.939163217
4068,0.726375721
4071,0.880428119
4074,0.828731106
4075,0.793677776
4081,0.910768238
4083,0.944938449
4086,0.923227678
4089,0.805157538
4095,0.904940485
4100,0.95449429
4105,0.931075315
4108,0.874646482
4110,0.884079219
4112,0.949562851
4113,1.004572813
4118,0.755782287
4119,0.980112406
4120,0.993625625
4123,1.017187431
4126,0.959029052
4132,0.785617852
4134,0.934454982
4136,0.890977862
4137,0.83388989
4141,0.678507347
4144,0.99256901
4145,0.910321368
4147,0.982178
4154,0.912476445
4160,0.964036453
4166,0.861263516
4169,0.987220099
4171,0.723535739
4172,0.961543729
4174,0.922607076
4175,0.674187169
4178,0.919023229
4179,0.970597585
4182,0.932961123
4183,0.869539551
4187,0.912708465
4188,0.859488927
4189,0.338591087
4192,0.970093061
4195,0.967175311
4197,0.807341378
4198,0.870252956
4201,0.989138935
4206,0.813763273
4208,0.929441296
4212,0.956147364
4219,0.970549217
4228,0.923555711
4232,0.875809659
4236,0.818010084
4238,0.999950538
4244,0.986750779
4248,0.93385834
4251,0.944711824
4252,0.959064938
4254,0.737923536
4263,0.925798689
4266,0.840115897
4267,0.885036922
4270,0.690349681
4275,0.688033139
4278,0.384295255
4281,0.928729255
4284,0.994664627
4285,0.880543559
4288,0.78284264
4289,0.755817797
4298,0.884119436
4310,0.78829705
4313,0.843772095
4314,0.918796079
4315,0.9482412
4325,0.934867792
4327,1.004004836
4331,0.556009998
4338,0.878982206
4342,0.971189623
4348,0.856451036
4350,0.918131332
4351,0.927756787
4352,0.878307676
4354,0.855705114
4360,0.914738715
4363,0.723650842
4366,0.97307489
4368,0.882869126
4375,0.79944376
4377,0.992526321
4380,0.881958736
4389,0.916347226
4393,0.870580865
4398,0.901790249
4399,0.961225276
4406,0.956120267
4410,0.893848417
4413,0.909125165
4420,0.901376564
4432,0.870766617
4439,0.830346136
4441,0.869473575
4445,1.00751119
4446,0.863159543
4448,0.916995037
4449,0.916334474
4457,0.941723658
4459,0.957965034
4462,1.02771981
4466,0.972729954
4470,0.854592985
4471,0.971918311
4472,0.935323643
4474,0.857425605
4479,0.91531493
4486,0.773801585
4487,0.93314549
4491,0.595741784
4494,0.654374279
4497,0.96374856
4502,0.950330136
4506,0.70053955
4507,0.944196692
4512,0.843233099
4514,0.917977322
4515,0.943340698
4516,0.895842698
4519,0.923201948
4525,0.866480492
4526,0.936489216
4527,0.796095154
4529,0.690971905
4531,0.945526545
4532,0.802304993
4538,0.960492042
4544,0.990683027
4551,0.8386086
4556,0.978628003
4558,0.756365511
4559,0.819132606
4561,0.928527191
4563,0.922274508
4569,0.972029158
4571,0.981766902
4572,0.827497021
4584,0.924669551
4585,0.997702466
4591,0.98244666
4592,0.762527084
4595,1.046334497
4603,0.988467584
4608,0.788843164
4609,0.959360193
4610,0.859685941
4614,0.996286948
4621,0.982580738
4623,0.969128773
4625,0.925344686
4630,0.873412765
4631,0.913042267
4632,0.941656364
4634,0.959720067
4638,0.819193434
4642,0.596745942
4643,0.873421743
4645,0.992731061
4650,0.920546556
4655,0.84022075
4658,0.848788139
4663,0.706320941
4665,0.705532164
4669,0.879490007
4670,0.743186755
4674,1.002822259
4689,0.810010164
4690,0.970615878
4693,0.979852398
4696,0.953424491
4706,0.828931482
4722,0.794173375
4724,0.810098446
4725,0.746202409
4727,0.974806598
4730,0.951113939
4736,0.975152127
4744,0.736458613
4747,0.678391862
4756,1.017817218
4758,0.653647105
4764,0.982102448
4766,0.84655844
4771,0.925038858
4783,0.807373894
4784,0.996444775
4786,0.9910826
4788,0.852600585
4814,0.843838902
4815,0.913125658
4819,0.918130799
4820,0.950917968
4821,0.959800177
4822,0.916422918
4823,0.677163
4824,0.927148633
4828,0.98967534
4840,0.902537836
4842,0.856089781
4854,0.910530392
4860,0.686887325
4861,0.836655435
4872,0.962075817
4874,0.868545896
4884,0.892592602
4885,0.870797889
4888,0.981220484
4893,0.820106429
4896,0.964063403
4900,0.937737577
4914,0.581346337
4919,0.973256767
4921,0.802052794
4925,0.99515518
4926,0.957606009
4927,0.811242706
4928,0.841655319
4930,0.983433044
4933,0.950216389
4937,0.938943371
4941,0.801025498
4944,0.988049778
4946,1.032912769
4948,0.95415371
4961,0.728753469
4962,0.97177836
4965,0.966787745
4971,0.807041785
4975,0.859116519
4976,0.633503453
4980,1.007576213
4981,0.920096963
4983,0.883346729
4990,0.545583268
4993,0.951440428
5006,0.97349312
5012,0.866493041
5019,0.965199328
5023,0.899295168
5027,0.83502505
5042,0.906791242
5043,0.969093572
5049,0.998200024
5051,0.964607446
5055,0.921746318
5060,0.981101906
5065,0.979351862
5066,0.966075114
5072,0.928128024
5079,0.987308366
5084,0.978882782
5086,0.920659914
5089,0.863140894
5092,0.788182428
5102,0.833814486
5107,0.959532566
5109,0.757856921
5115,0.986171108
5120,0.975163699
5128,0.880674706
5135,0.654511558
5137,0.549978409
5138,0.993297625
5140,0.664185354
5147,0.888526137
5154,0.694783334
5159,0.932892659
5160,0.65987985
5161,0.984526504
5168,0.997433519
5170,0.87845387
5175,1.019267269
5177,1.008126822
5179,0.956479353
5180,0.805979267
5194,1.014694209
5209,0.87215678
5211,0.984212172
5217,0.896532194
5223,0.909895594
5226,0.87043195
5232,0.992853161
5234,0.824663916
5237,0.909177595
5238,0.864886302
5239,0.836702067
5240,0.974143267
5243,0.948256295
5250,0.984748619
5255,0.994964693
5256,0.911453801
5260,0.895361273
5261,0.973351209
5267,0.932023247
5268,0.959154119
5272,0.626123158
5276,0.940629567
5282,0.897728928
5285,0.428829372
5290,0.984748662
5300,0.769430081
5302,0.954059057
5308,0.975243134
5309,0.971063567
5311,0.889603144
5312,0.973032464
5319,0.920907373
5322,0.968768798
5324,0.749729228
5327,0.884643948
5329,0.986748176
5331,0.842241555
5334,0.902661671
5336,0.898844017
5337,0.989320837
5338,0.9213488
5346,0.777691261
5350,0.891979894
5365,0.96535203
5368,0.866462299
5373,0.881814833
5375,0.800009172
5379,0.842363831
5383,0.976871298
5389,0.958544954
5390,0.972900849
5392,1.016795456
5393,0.907647909
5394,0.973824904
5395,0.880927078
5396,0.908117967
5397,0.985808543
5401,0.940865229
5403,0.853531741
5408,0.852347162
5410,0.864969548
5421,0.960953484
5422,0.84891673
5423,0.884292251
5429,0.732729261
5430,0.943456555
5441,0.9974834
5445,0.850628877
5449,0.802663072
5453,0.812893015
5456,0.922441022
5458,0.970092025
5460,0.946608763
5462,0.923957265
5468,0.898116792
5477,0.965622654
5481,1.027614238
5489,0.794669176
5490,0.96985734
5493,0.799458492
5494,0.999084954
5496,0.881991812
5499,0.64630009
5504,0.922021583
5512,0.95894453
5517,0.92276568
5521,0.896200674
5524,0.988663578
5525,0.925506632
5528,0.856446438
5530,0.899913921
5542,0.893712934
5543,0.912784507
5547,0.712890302
5549,0.898128173
5556,0.691796458
5557,0.971151517
5558,0.843060836
5559,0.986587537
5560,0.93025557
5562,0.76379319
5564,0.970617913
5569,0.76619202
5571,0.967223922
5575,0.854416102
5581,0.700406951
5599,0.946617018
5604,0.658621149
5615,1.018001887
5620,0.932776539
5625,0.979937922
5626,0.980578642
5635,0.607396668
5644,0.876777461
5646,0.754772623
5649,0.857774386
5656,0.916229665
5661,0.942755812
5662,0.969256505
5664,1.01816168
5681,0.825022889
5686,0.833930198
5688,0.940866487
5691,0.878331739
5695,0.76737793
5698,0.941014843
5705,0.863057184
5710,0.905673974
5718,0.938489501
5722,0.981188764
5725,0.909063552
5726,0.856032389
5733,0.811877302
5735,0.986841105
5736,0.95495955
5737,0.877573628
5741,0.906278497
5747,0.977270094
5750,0.963170797
5751,0.639107849
5754,0.945856519
5762,0.662760261
5764,0.807490323
5772,0.964927419
5783,0.924142633
5785,0.898291447
5788,0.706618234
5792,0.988316002
5794,0.886897147
5796,0.962779066
5797,0.855206709
5798,0.96601897
5805,1.026543748
5806,0.820968898
5807,0.948390083
5809,0.951183149
5810,0.989399651
5811,0.801603421
5818,0.919564776
5822,0.913060213
5827,0.892609139
5828,0.910376477
5833,0.969042607
5834,0.940329604
5835,0.559232888
5837,0.935700485
5840,0.904459995
5842,1.031192536
5845,0.923784038
5847,0.985618032
5848,0.989685851
5853,0.975159791
5854,0.89077312
5859,0.868882503
5863,0.984937716
5867,0.934661949
5868,0.963394241
5869,0.979010662
5881,0.936443736
5882,0.844314276
5884,0.988149599
5885,0.888296098
5887,1.004464971
5890,1.010860627
5893,0.928774213
5894,0.950442755
5896,0.936318652
5900,0.890664474
5903,0.732346393
5905,0.907316978
5908,0.960877822
5912,0.914306819
5917,0.912630122
5922,0.586095151
5927,0.938536166
5931,0.677544481
5943,0.79223807
5945,0.89871306
5949,0.877317855
5953,0.843187453
5954,0.896797898
5959,0.807790977
5983,0.755340528
5984,0.95694017
5987,0.971627762
5988,0.800975445
5989,0.923280791
5992,0.983509216
5994,0.720515965
5997,0.891490566
5999,0.956847452
6000,0.992623706
6002,0.963497406
6003,0.915841527
6021,0.977176178
6022,0.877286972
6033,0.973782551
6039,0.982145672
6046,0.830087409
6048,0.869376668
6054,0.95211178
6058,0.874055426
6062,0.951380929
6069,0.826629032
6070,0.873535552
6076,0.935595134
6081,0.932739165
6082,1.003671531
6086,0.966024114
6091,0.886333572
6092,0.899114131
6093,0.89560351
6095,0.926121234
6096,0.938513903
6104,0.880560175
6114,0.693836778
6117,1.012258525
6119,0.938759302
6121,0.720339897
6126,0.92744105
6132,0.904841068
6133,0.824746276
6140,0.066567665
6143,0.932147681
6144,0.885261664
6145,0.902456554
6146,0.937332755
6149,0.875368701
6152,0.83865268
6158,0.967839605
6162,0.985183677
6171,1.001596777
6176,0.884095445
6178,0.786102668
6182,0.985256262
6190,0.634737579
6191,1.015378988
6195,0.866130585
6196,0.727298374
6207,0.865537347
6211,0.977822191
6212,0.563011433
6216,1.001218786
6218,0.969697425
6219,0.965395599
6221,0.908516973
6224,0.952017977
6226,0.961841637
6227,0.945882482
6232,0.884410499
6237,0.937897806
6240,0.924505686
6241,0.819578358
6245,0.925445246
6246,0.78153659
6252,0.740163658
6257,0.976391661
6268,0.951584102
6271,0.865594138
6274,1.006611524
6278,0.741642598
6279,0.965100028
6284,0.96992644
6285,0.978374604
6286,0.750321022
6289,0.945312637
6300,0.8740731
6302,1.028866684
6311,0.997352129
6312,0.960716322
6319,0.991740116
6320,0.996781074
6323,0.940164259
6325,0.864717185
6326,0.651362476
6327,0.960401338
6331,0.850606642
6341,0.874411069
6342,0.842611351
6347,0.856105493
6351,0.76414656
6355,0.867199661
6356,0.971557795
6361,0.907962088
6363,0.907852806
6367,0.96557971
6368,0.967716011
6371,0.812293408
6373,0.788141874
6374,0.997624124
6375,0.880949567
6376,0.95685228
6378,0.89401861
6379,0.919169231
6385,0.978434315
6392,0.786772257
6395,0.965575403
6405,0.938139219
6408,0.862473238
6414,0.953251037
6424,0.928399486
6425,0.749159227
6439,0.629990682
6443,0.836098256
6445,0.792273944
6450,0.844213128
6451,0.63902374
6453,0.947736984
6457,0.928853616
6459,1.011609902
6460,0.703444829
6463,0.984831894
6465,1.017531842
6466,0.984848809
6467,0.738169758
6476,0.889116066
6482,0.980054643
6488,0.946880844
6489,0.939948601
6496,0.822883973
6512,0.911674463
6513,0.965741714
6514,0.823620182
6517,0.914701797
6520,0.952615694
6527,0.877365303
6528,1.004211444
6535,0.959612593
6536,0.982637159
6552,0.842029831
6553,0.93754926
6554,0.92446778
6557,0.988022629
6560,0.946866877
6561,0.912861236
6567,1.004408169
6568,0.928095721
6573,0.870675042
6574,0.968587511
6578,0.938955274
6585,0.931809024
6586,0.723212812
6588,0.677258644
6593,0.978249076
6596,0.805280968
6615,0.91754739
6623,0.827285745
6627,0.954567733
6629,0.951329634
6630,0.958395318
6635,0.923013155
6637,0.976459959
6641,0.945491926
6642,0.8652591
6643,0.937111587
6644,0.818904767
6646,0.947475758
6647,1.024647312
6656,0.901364853
6657,0.908683446
6658,0.980247511
6663,0.88784389
6664,0.92211571
6665,0.970450635
6668,0.978193276
6677,0.905571138
6682,0.94692092
6686,0.683407324
6688,0.699887531
6695,0.979891775
6704,0.93317017
6705,0.848636946
6716,0.932286638
6722,0.727542011
6723,0.896943419
6726,0.978637698
6730,0.758765606
6731,0.936166753
6733,0.661423772
6739,0.934329043
6742,0.8488823
6748,1.032608873
6750,1.01869125
6751,0.865374556
6752,0.986276653
6754,0.988795906
6758,0.721867313
6759,1.010711861
6765,0.950186164
6769,0.890280686
6773,0.892286058
6774,0.913361833
6775,0.939177323
6778,0.936547582
6786,0.74067347
6788,1.035370786
6790,0.467248429
6792,0.872157665
6794,0.873471646
6798,0.886646418
6803,0.853234691
6805,0.651435722
6807,0.62154585
6810,1.007217533
6811,0.667182839
6813,0.986450559
6814,0.865509776
6816,0.952783281
6818,0.952675979
6821,0.962504374
6832,0.783830341
6839,0.965039397
6841,0.933810214
6843,0.994940535
6845,0.680039821
6847,0.766838301
6848,0.929909894
6850,0.977063392
6851,1.004153587
6852,0.731264181
6853,0.900777429
6855,0.973887412
6858,0.85020965
6866,0.934716621
6867,0.930637786
6870,0.957878407
6871,0.869111333
6881,0.806657415
6895,0.667056354
6906,0.787702393
6917,0.819660665
6923,0.200867451
6925,1.005242544
6930,0.732943483
6933,1.003878441
6936,0.923743087
6938,0.966175417
6939,0.885241065
6940,0.836489545
6942,0.934668657
6948,0.981476275
6959,0.82451501
6961,0.843971539
6962,0.723684157
6969,0.966106381
6971,0.764188938
6973,0.80818222
6976,0.976335374
6981,0.823647423
6991,0.875472339
6994,0.877409232
6998,0.947884147
7001,0.94427293
7005,0.924542096
7007,0.593634915
7016,0.930605849
7017,0.792603084
7020,0.776397811
7031,1.016249195
7033,0.970650964
7036,0.925106605
7040,0.923318734
7042,0.974659081
7049,0.999752914
7051,0.833085458
7071,1.001554675
7080,0.832373807
7086,0.969485687
7088,0.953502819
7095,0.839283506
7101,0.960397249
7102,0.796917199
7106,0.961153757
7110,0.829543454
7114,0.920268179
7116,0.902710754
7117,0.96410419
7119,0.907863984
7126,0.948771888
7128,0.984597095
7132,0.949493745
7143,0.964822283
7147,0.992591333
7149,0.968857792
7152,0.984429643
7156,0.568648744
7158,1.010472539
7161,0.973910724
7164,0.952784593
7171,1.010207173
7173,0.96755745
7176,0.986711335
7179,0.937822821
7181,0.683680761
7183,0.978235096
7190,0.994097703
7193,0.979663136
7195,1.053141774
7198,0.898501326
7203,0.832870254
7204,0.835541182
7210,0.983762788
7211,0.954157141
7215,0.802507542
7224,0.870324952
7225,0.953923678
7226,0.988104357
7227,0.950099131
7230,0.794579958
7233,1.013668034
7242,0.835237774
7245,0.94961104
7247,0.873184689
7248,0.930534229
7249,0.865847025
7250,0.852319108
7261,0.99496085
7262,0.890725338
7265,0.919264791
7266,0.88793521
7273,0.974815245
7274,0.8140892
7279,0.984748013
7283,0.91983612
7285,0.955452992
7286,0.792484163
7291,0.981405329
7294,0.841430359
7298,0.892809661
7301,0.823371226
7302,0.979168877
7303,0.555360046
7305,0.955111787
7307,0.807396117
7309,0.825569186
7313,0.932483319
7318,0.951735991
7319,0.972194524
7322,0.668740417
7325,0.986375854
7333,0.881905212
7344,0.979376119
7354,0.844285755
7358,0.886497047
7368,0.922142522
7370,0.799147658
7372,0.86898504
7379,0.937554666
7380,0.924510515
7382,0.884943998
7390,0.998103404
7395,0.956693563
7398,0.855273968
7400,0.97999691
7403,0.721117179
7408,0.959035745
7411,0.998038345
7412,0.920078463
7419,0.969564213
7421,0.69616383
7427,1.003091135
7430,0.981524182
7431,0.889095182
7433,0.915838882
7435,0.980817652
7446,0.91388629
7448,0.84213256
7460,0.743169115
7462,0.973933687
7469,0.798753501
7473,0.984389964
7476,1.015624369
7485,0.923678905
7488,0.967725666
7500,0.958526475
7502,0.869002075
7503,1.00933746
7504,0.916410303
7506,0.838284831
7507,0.845992368
7508,0.900289206
7514,0.823016935
7521,0.987001748
7526,0.839755358
7529,0.872434499
7535,0.813339107
7546,0.974689746
7549,0.989237624
7557,0.845757587
7566,1.000529946
7571,0.855936861
7573,0.840528634
7586,0.927748245
7589,0.968671805
7594,0.894143072
7598,0.671768023
7610,0.962831985
7611,0.960402527
7619,0.973016935
7621,0.561622831
7622,0.840311715
7629,0.613968138
7635,0.689471298
7636,0.832113211
7639,0.803477814
7641,0.811251208
7647,0.944972603
7654,0.763943844
7659,0.826974211
7663,0.842648155
7667,0.659509287
7670,0.786092612
7672,0.998453313
7674,0.927970503
7692,1.019002539
7693,0.980999983
7695,0.936665719
7696,0.906978743
7698,0.966615524
7700,0.704054606
7701,0.924871721
7712,0.624786876
7714,0.942225154
7719,1.000524033
7720,0.868884404
7723,0.865394078
7725,0.478743678
7729,0.925570114
7730,0.981282525
7732,0.873887791
7742,0.779755898
7747,0.947066346
7748,0.89787487
7749,0.883396463
7751,0.865812979
7753,0.945984717
7755,0.920203485
7764,0.847419313
7771,0.947560788
7774,0.982551056
7777,0.761825128
7779,1.030013536
7782,0.890843656
7790,0.898838052
7791,0.854589954
7798,0.860478219
7799,0.688827313
7805,0.946376261
7806,1.024554145
7807,0.916955841
7811,0.773947389
7820,0.861374934
7829,0.63272847
7834,0.939353447
7844,0.837930649
7848,0.924537034
7851,0.746320487
7853,0.962405318
7855,0.997131783
7857,0.827191946
7863,0.66522094
7864,0.935167078
7870,0.848939693
7871,0.925664079
7879,0.904756616
7881,0.939060304
7883,0.957538232
7890,0.958151248
7892,0.866458175
7893,0.841317646
7895,0.816715326
7896,0.849443577
7903,0.822361947
7905,0.958004353
7908,0.93856164
7910,0.996556619
7915,0.812029921
7918,0.87856069
7924,0.710796422
7939,0.897539
7947,0.931268159
7948,0.605789044
7953,1.000810236
7956,0.969247679
7959,0.851114559
7966,0.713111794
7969,0.946545008
7970,0.772716432
7971,0.642642485
7974,0.956256181
7975,0.911604447
7989,0.61136653
7997,0.998705678
7999,0.901276958
8002,0.920839975
8005,1.017405486
8009,0.850909732
8011,0.988793453
8014,0.762366029
8016,0.967777654
8028,0.948535059
8030,0.974577708
8033,0.968579268
8036,1.025252189
8040,0.840529543
8043,0.979389334
8045,0.979953961
8050,0.970080317
8052,1.006971026
8053,0.913520652
8057,0.540155926
8059,0.549665506
8068,0.974918147
8070,0.817433746
8074,0.909209444
8075,0.756961171
8085,0.894746933
8086,0.939377339
8088,0.870044328
8092,0.902862723
8094,0.930529617
8095,0.940060131
8096,0.917744157
8098,0.822006941
8103,0.959900909
8104,0.90700682
8112,0.856273718
8113,0.854314162
8118,0.968907701
8119,0.784507671
8123,0.973700071
8124,0.676172039
8134,0.945604408
8136,0.906863835
8137,0.886298151
8138,0.983054243
8139,0.898240684
8144,1.011715122
8151,0.891445082
8156,0.957658191
8158,0.913427113
8162,0.795133278
8168,0.944684406
8170,0.911597446
8173,0.904892548
8178,0.973309321
8188,0.979745977
8194,0.808560153
8196,1.009519754
8207,0.838606598
8209,0.585710909
8210,0.928933062
8213,0.950882044
8217,0.834685568
8222,0.866903228
8224,0.987354784
8225,0.962694111
8228,0.847066967
8230,0.813888547
8236,0.77564411
8238,0.854248574
8241,0.897724177
8244,0.98572353
8245,0.897762096
8248,0.664506709
8249,0.928733604
8264,0.986185285
8265,0.841519337
8266,0.707412301
8268,0.99314346
8269,0.839862491
8276,0.743503543
8283,0.942332059
8285,0.940004778
8288,0.917532986
8294,0.881284426
8300,0.919460237
8304,0.961029728
8305,0.988577973
8308,0.846086013
8310,0.939133825
8313,0.935908526
8315,0.888094485
8320,1.006726442
8328,0.874062854
8331,0.919441528
8332,0.911690601
8339,0.89972094
8341,0.859862806
8352,0.789729066
8354,0.891178909
8362,0.955179038
8363,0.956395491
8364,1.000023401
8365,0.867397528
8369,0.795609022
8371,0.963407589
8373,0.901594457
8374,0.711248573
8375,0.900856829
8376,0.93809387
8377,0.947674599
8378,1.009224502
8379,0.951940894
8380,0.883907013
8385,0.931554815
8387,0.75511385
8389,0.848125455
8390,0.817956401
8395,0.974244212
8396,0.870198903
8397,0.787701028
8402,0.656524783
8405,0.922637406
8408,0.952640332
8412,0.969736656
8414,0.98725587
8417,0.890864689
8421,0.973634191
8424,0.900907356
8427,1.007300649
8429,0.9550973
8434,0.95735247
8437,0.949037627
8448,0.832563544
8459,0.916047826
8464,1.019334236
8472,0.873318453
8484,0.987281681
8486,0.620655708
8487,0.886191384
8488,0.831223984
8489,0.982253491
8492,0.966095356
8494,0.878633662
8495,0.85830593
8507,0.651415345
8510,0.945640954
8511,0.856437948
8515,0.804673102
8519,0.784580701
8523,0.972460409
8529,0.917801261
8531,0.996140737
8532,0.986272122
8536,0.888260034
8540,0.758921434
8552,0.969645542
8557,0.976253304
8561,0.914705315
8566,0.968095194
8568,0.955202718
8569,0.913588388
8573,0.787689722
8575,0.705400375
8579,0.869725608
8581,0.851337421
8582,0.789969471
8586,0.511975749
8592,0.986116859
8597,0.839564935
8599,0.995998518
8603,0.87627508
8609,0.93865623
8612,0.918183152
8613,0.9699625
8616,0.920379932
8618,0.966288859
8625,0.9478968
8626,0.968747391
8630,0.843213153
8633,0.728656662
8634,0.899444596
8635,0.873441895
8647,0.896903421
8649,0.94119167
8650,0.924613331
8652,0.946570567
8659,0.863424022
8660,0.948358082
8685,0.913486745
8688,0.934868795
8689,0.727567554
8691,0.736302968
8697,0.978756013
8700,0.868033323
8706,0.832149054
8709,1.005486203
8724,0.826372515
8725,0.828765603
8734,0.933636891
8739,0.984199817
8742,0.812196758
8745,1.044760543
8751,0.870662429
8753,1.017646049
8760,1.022187952
8762,0.647545115
8768,0.986117779
8777,0.816674039
8785,0.984871963
8787,0.919132036
8797,0.962934758
8801,0.957996111
8805,0.959221476
8809,0.716797034
8813,0.984969992
8828,0.973023766
8835,0.981951952
8836,0.964860033
8838,0.892886585
8840,0.992014264
8847,0.915869307
8850,0.984837805
8853,0.71467339
8854,0.932955282
8856,0.821060785
8862,0.935158392
8876,0.813519599
8877,0.943895876
8879,0.928622678
8880,0.922522534
8887,0.825547287
8888,0.804021
8890,0.830855383
8899,1.00152161
8902,0.922823434
8903,0.908038236
8908,0.928053339
8909,0.95166454
8910,0.864791891
8914,0.952418726
8919,0.964459552
8922,0.986204849
8923,0.841321526
8925,0.708107087
8926,0.991336275
8927,0.926801072
8928,0.989578042
8930,0.833695556
8933,0.771066006
8938,0.911695445
8943,0.811367545
8948,0.94316497
8952,0.941342663
8954,0.930119961
8955,0.465110033
8968,0.92161963
8974,0.890817516
8976,0.942930851
8977,0.714117747
8987,0.92990956
8992,0.973693437
8996,0.654967129
8997,0.862648212
8998,0.955604808
9007,0.93379272
9008,0.850220516
9011,0.928357343
9012,0.924015529
9013,0.853235531
9016,1.000834282
9021,0.960428586
9023,0.899172332
9033,0.963211702
9034,0.765096035
9035,1.024556788
9047,0.976388317
9048,0.733182996
9063,0.933977726
9066,0.882739262
9068,0.998360498
9077,0.958886365
9085,0.906210561
9088,0.735959767
9097,0.964546762
9109,0.752944951
9114,0.971737669
9115,1.00882398
9116,0.95388265
9117,0.96512385
9120,0.92120796
9133,0.960870103
9138,0.89909596
9147,1.00384543
9148,0.842990159
9151,0.969400054
9153,1.005084842
9158,0.874562275
9160,0.917138196
9172,0.912286169
9176,0.964937547
9177,0.885006454
9184,1.006126297
9185,0.935952325
9189,0.867952571
9193,0.931611202
9194,0.686648897
9195,0.870992176
9200,0.911496808
9202,0.705439346
9207,0.908626948
9210,0.684955257
9212,0.905481126
9214,0.993460888
9217,0.89558743
9222,0.996154926
9223,0.876607291
9224,0.894524753
9225,0.526367114
9230,0.82128212
9231,0.735197775
9233,0.946939164
9237,0.918535937
9239,0.956879897
9242,0.927994563
9248,0.893515922
9254,0.83291045
9257,0.857761612
9265,0.809673334
9273,0.850741327
9283,0.952994698
9285,0.985380068
9295,0.949254907
9298,0.971505617
9304,0.996743364
9308,0.969321058
9310,0.655001018
9320,0.905759491
9321,0.978305598
9328,0.808147997
9334,0.933077664
9339,0.949101988
9341,0.914630499
9342,0.933125633
9343,0.981016421
9346,0.737416016
9348,0.920550577
9352,0.899215248
9365,0.821697892
9371,0.921123531
9372,0.95236573
9377,0.988602356
9387,0.842769706
9388,0.967524028
9392,0.961779512
9395,0.889721366
9399,0.831584015
9400,0.972303642
9403,0.833197172
9410,0.762026233
9413,0.894786422
9420,0.883618763
9421,0.680595447
9430,0.968098287
9432,0.965337181
9435,0.918962742
9436,0.895134805
9438,1.00772334
9439,0.736516563
9443,0.927818698
9450,0.765985162
9465,0.899508249
9482,0.941563271
9485,0.994075021
9489,0.976287484
9493,0.971244576
9495,0.948385841
9499,0.971614915
9500,0.861792475
9506,0.895386011
9513,0.870757769
9516,0.952862774
9526,0.821459638
9530,0.67612709
9532,0.978231163
9536,0.807298927
9539,0.857575785
9540,0.855141196
9545,0.830663123
9548,0.84647165
9549,0.639291852
9552,0.711024411
9554,0.971499675
9556,0.983052454
9557,0.979954698
9562,0.62861261
9563,0.922293047
9564,0.513546167
9567,0.689935741
9572,0.958992653
9579,0.924357695
9584,0.921299029
9586,0.962162463
9588,0.902768927
9604,0.905928848
9611,0.940083296
9617,0.881975158
9618,1.005666279
9620,0.557927926
9625,0.906014581
9627,0.986080205
9634,0.971192414
9635,0.94837937
9642,0.984646819
9648,0.916547887
9656,0.926112644
9660,0.966882236
9666,0.98698347
9668,0.934545114
9674,0.94480431
9680,0.938506205
9685,1.011856873
9689,0.952335213
9692,0.837564543
9698,0.929227531
9702,0.875223452
9703,0.920926397
9708,0.953416079
9713,0.731876148
9714,0.806876609
9717,0.91288735
9725,0.930246385
9726,0.97896184
9728,0.965642475
9729,0.866036312
9730,0.919125658
9732,1.001138122
9734,0.958629529
9736,0.972083548
9737,0.942621965
9740,0.930732071
9742,0.807296263
9747,0.812714017
9749,0.852267816
9751,0.647944789
9752,0.855576832
9754,0.883333216
9755,0.951890698
9767,0.990477558
9770,0.97039294
9772,0.715894367
9775,0.827198161
9778,0.97233918
9799,0.987190484
9805,0.770528159
9807,0.945282559
9810,0.748899246
9811,0.818317733
9816,0.938887216
9818,0.859913808
9819,0.969951129
9827,0.902314796
9828,0.914159426
9836,0.832148217
9837,0.939145286
9838,0.760438061
9846,0.883748014
9848,0.993932968
9849,0.920940173
9860,0.963397439
9861,0.898922614
9866,0.841493553
9870,0.940678474
9875,0.708357826
9877,0.988995175
9880,0.825551616
9890,0.993421377
9899,0.576496712
9905,0.947065946
9914,0.777208479
9915,0.9408182
9916,0.652730487
9917,0.870997444
9920,0.971653341
9926,0.896130312
9931,0.916718575
9933,0.989500684
9942,0.858008843
9947,0.968885005
9952,0.956164421
9954,0.503592706
9962,0.824423697
9969,0.938162123
9970,0.992477791
9971,0.953030446
9973,0.822547136
9974,0.974706753
9976,0.894873833
9977,0.975185706
9983,0.917574518
10006,0.973292417
10009,0.848454164
10011,0.93306663
10018,0.591974417
10024,0.757250678
10035,0.88187032
10040,0.834329626
10044,0.92323233
10049,1.010090409
10051,1.033338768
10052,0.90955389
10055,0.864457205
10058,0.908655899
10062,0.894096246
10069,0.974240255
10072,0.894865255
10076,0.935435244
10082,0.519828654
10083,0.985205265
10084,0.953009698
10085,0.986382219
10086,1.007492435
10087,1.01434453
10089,0.966717849
10092,0.942460714
10096,0.981119152
10098,0.881991977
10103,0.942167445
10105,0.942818363
10106,0.975931776
10107,0.986323803
10108,0.949513931
10113,0.776067969
10116,0.90067423
10121,1.033401497
10122,0.929369717
10127,0.99392531
10133,0.960950378
10134,0.953881548
10137,0.991201481
10140,0.830057604
10142,0.903474768
10148,0.873815696
10151,0.995362533
10153,0.45413211
10155,0.823181494
10156,0.879583654
10159,0.979654511
10173,0.95483619
10178,0.917532051
10180,0.895422021
10183,0.775911018
10189,0.907770081
10197,1.003549754
10200,0.796170041
10203,0.885839799
10214,0.844034154
10216,0.721859784
10220,0.978905927
10224,0.959358802
10225,0.708996512
10226,0.699134128
10228,1.01767263
10229,0.9741687
10234,0.982690319
10237,0.87736062
10243,0.84224032
10245,0.946052385
10246,0.985182815
10249,0.74106249
10253,0.842462682
10260,0.747433282
10261,0.879918933
10265,0.947536721
10267,0.922352681
10270,1.008030792
10272,0.859185875
10273,0.743788003
10275,0.717309307
10280,0.905308847
10285,0.967699368
10293,0.662292973
10294,0.931167351
10295,0.81061915
10299,0.982593098
10302,0.955126543
10303,0.963395585
10308,0.943210205
10311,0.869331747
10312,0.82986688
10320,0.700822506
10325,0.948107801
10328,0.812417425
10332,0.997550756
10337,0.938558293
10346,0.980570836
10349,0.868321732
10352,0.793036522
10358,0.978150412
10375,0.874317569
10379,0.969063683
10382,0.921477641
10384,0.839430471
10389,0.96737513
10392,0.915989392
10398,0.99612102
10413,0.985457161
10417,0.826510946
10419,0.929054249
10428,0.968307813
10437,0.933739768
10445,0.926594986
10446,0.948914938
10450,0.919880032
10465,0.908571149
10469,0.96711928
10472,0.928474512
10476,0.758302215
10479,0.539187762
10481,0.807739754
10486,0.697213003
10487,0.888088806
10488,0.911541329
10491,0.563657096
10492,0.670155612
10494,0.913807711
10496,0.962556565
10499,0.707767961
10509,0.886960376
10511,0.779117109
10516,0.923955557
10519,0.969187778
10520,0.8601057
10521,0.89291449
10524,0.948015477
10532,0.888483223
10534,0.845699054
10539,0.955566127
10540,0.866598699
10541,0.884265639
10542,0.921422098
10543,0.863464809
10545,0.931172076
10548,0.97266114
10549,0.941927175
10551,0.906685293
10566,0.768780485
10567,0.987376456
10573,0.817614136
10574,0.966835953
10576,1.009854643
10583,0.944184163
10585,0.967384086
10592,0.939947856
10595,0.976758984
10605,0.752723213
10608,0.951083309
10615,0.875353808
10616,0.757184288
10617,0.938108199
10621,0.944637749
10624,0.967363509
10630,0.943704143
10641,0.792187469
10642,0.916959143
10643,0.677483928
10647,0.982304826
10648,0.963981107
10649,0.657403948
10650,0.814140064
10651,0.912560681
10653,0.982381724
10656,0.822731278
10657,0.994619568
10658,1.000098519
10660,1.01050102
10662,0.915838957
10669,0.992794554
10674,0.972238554
10675,0.939389444
10676,0.809456721
10680,0.959292132
10684,0.921710199
10687,0.912473293
10690,0.87956866
10692,0.997551339
10699,0.952064649
10701,0.953051816
10707,0.874907155
10712,0.942273858
10716,0.905263731
10719,0.897811555
10720,0.83017464
10723,0.904296784
10725,0.896443363
10738,0.870655086
10743,0.779221259
10745,0.891814072
10749,0.948233766
10751,0.916690617
10752,0.895851065
10755,0.938518519
10758,0.911708592
10760,0.756696975
10763,0.965407926
10764,0.965384034
10765,0.983640287
10766,0.914505457
10767,0.897065191
10770,0.716415282
10775,0.907783786
10779,0.832491013
10785,0.64699183
10786,0.874013184
10789,0.918436104
10792,0.788016104
10796,0.971118505
10799,0.712740018
10801,0.973243539
10815,0.886441912
10817,0.979008649
10820,0.931348194
10823,0.934605218
10826,0.451200353
10831,0.50097038
10834,0.845856536
10836,0.85848422
10839,0.941566179
10845,0.945827549
10848,0.999396185
10855,0.869028406
10861,0.918778439
10866,0.545975107
10869,0.789768456
10876,0.988355768
10882,0.97895817
10883,0.97398506
10887,0.44797803
10889,0.812580223
10894,0.907806645
10895,0.743500312
10898,0.675355713
10908,0.716187065
10914,0.954385122
10915,0.974992375
10917,0.745003386
10918,0.912408024
10930,0.974351944
10936,0.845212585
10947,0.981268006
10948,0.936287892
10949,0.966698503
10952,0.645984776
10960,0.824649187
10962,0.970939008
10964,0.897061453
10967,0.875190081
10971,0.966330449
10972,0.894852726
10979,0.871709358
10980,0.876047999
10982,0.938524284
10985,0.666971631
10987,0.797525149
10992,0.882326907
11000,0.971702266
11003,0.86038564
11014,0.647393044
11027,0.935320832
11029,0.959929275
11043,0.797176113
11044,0.87945595
11045,0.937635882
11049,1.02027906
11052,0.962371587
11060,0.898708375
11069,0.979156114
11071,0.9314599
11072,0.907601212
11073,0.878936073
11086,1.005315247
11095,0.870414177
11097,0.886103803
11101,0.889276602
11106,0.816543115
11107,0.882060109
11108,0.997499657
11112,0.9848146
11125,0.91627439
11126,0.883160972
11130,0.956144488
11131,0.891375189
11133,0.971877399
11134,0.956575615
11136,0.977195123
11137,1.000930862
11140,0.840539556
11145,0.702054645
11153,0.987688142
11156,0.963796425
11158,0.990262891
11160,0.938435202
11161,0.884444633
11172,0.923588142
11173,0.775758727
11180,0.874478714
11187,0.806671939
11192,0.838555269
11195,0.847261664
11197,0.940247233
11203,0.849042232
11204,0.996151736
11205,0.882592032
11208,0.909685286
11209,0.977231623
11212,0.706777306
11214,0.741813071
11217,0.874973596
11218,0.634671656
11222,0.579687735
11223,0.970078386
11233,0.971107419
11238,0.845391836
11241,0.784571117
11246,0.923605069
11247,0.9742097
11253,0.998474195
11258,0.768068368
11262,0.964690135
11268,0.969468004
11282,1.011784259
11283,0.601383546
11285,0.756349214
11286,0.855243175
11291,0.789656769
11299,0.938252693
11301,0.789125289
11303,0.93289587
11305,0.823647332
11308,0.845174652
11312,0.985057406
11322,0.963332829
11324,0.989335847
11325,0.835339677
11328,0.939767906
11337,0.900032145
11338,0.954778522
11342,0.921287992
11343,0.894956282
11345,0.970279153
11350,0.946434118
11353,0.939624586
11354,0.809621353
11357,0.915237789
11359,0.90765616
11367,0.546529644
11368,0.994559382
11369,0.537159105
11373,0.789932496
11375,1.027031854
11384,0.944165606
11395,0.838553349
11398,0.611228153
11403,0.95583868
11404,0.787091474
11406,0.870156831
11407,0.951145877
11413,0.964362766
11417,0.903495383
11424,0.834586961
11426,0.955622025
11434,0.965222167
11441,0.997714643
11442,0.866398474
11445,0.862502836
11447,0.658280598
11448,0.749806971
11449,0.988387716
11452,0.913507375
11453,0.917771366
11460,0.902346384
11462,0.948840386
11467,0.855564825
11477,0.939740229
11486,1.004039867
11489,0.935679784
11490,0.915801068
11491,0.942622934
11499,0.988769221
11508,0.944227744
11517,0.945894892
11518,0.545272654
11519,0.964674775
11525,0.965662542
11526,0.93391105
11527,0.976516142
11532,0.960308564
11539,0.93039742
11541,0.991451528
11543,0.395767377
11544,0.890153525
11548,0.871093931
11556,0.891211385
11557,0.911067329
11564,0.942988656
11565,0.907707072
11568,0.980820355
11569,0.677465414
11573,0.938580394
11576,0.817233655
11578,0.9869578
11588,0.74302574
11606,0.953033361
11611,0.882595723
11615,0.990876808
11616,0.772823974
11628,0.801450591
11630,0.822756333
11638,0.933160135
11641,1.007239787
11643,0.723464112
11644,0.726971157
11645,0.961005439
11648,0.95633491
11657,0.942249669
11658,0.96139175
11659,0.788166895
11664,0.890493767
11668,0.961525898
11674,0.660536826
11680,0.947868996
11682,0.885556271
11693,0.964096941
11698,0.870079558
11702,0.937425971
11704,0.903580938
11705,0.73700909
11708,0.754168334
11714,0.995349881
11720,0.728822598
11725,0.919109786
11726,0.904521571
11727,0.845203667
11729,0.837910278
11731,0.71476388
11734,0.958108247
11737,0.879169426
11739,0.559963616
11743,0.937608099
11753,0.957649396
11755,0.987890534
11762,0.930714557
11768,0.979506831
11769,0.923672311
11771,0.955293612
11780,0.95846885
11784,0.955849535
11785,0.817240815
11790,0.994901908
11797,0.638061017
11801,0.928300749
11807,0.870168219
11809,0.79212028
11812,0.962985465
11813,0.859484569
11815,0.986624984
11816,0.914622037
11829,0.900135871
11830,0.974581358
11831,0.916624431
11835,0.927228136
11837,0.943106253
11838,0.832699109
11844,0.854223839
11849,0.959953206
11856,0.864322253
11860,0.777308957
11864,0.889072649
11867,0.890136548
11868,0.943311754
11869,0.956493933
11872,0.633231331
11874,0.965314888
11876,0.926228314
11880,1.009208225
11884,1.028858954
11888,0.888836683
11899,0.945067433
11901,0.910735347
11903,0.934652933
11904,0.834765741
11905,0.973452406
11909,0.967118655
11914,0.892975203
11915,0.862757732
11916,1.007669724
11917,0.891294055
11921,0.979037586
11922,0.848966157
11924,0.963228563
11925,0.918187556
11929,0.96175246
11935,0.996617692
11936,0.995233939
11948,0.88719472
11963,0.917905313
11966,1.010928366
11976,0.922863239
11978,0.876160996
11983,0.980058733
11988,0.746901527
11992,0.899581958
11994,0.931923376
11995,0.82977651
12006,0.966335008
12018,0.951738675
12022,0.938570022
12024,1.004222566
12025,0.741298864
12026,0.856272174
12032,0.899462284
12033,0.962815994
12034,0.904504325
12036,0.669613044
12044,0.907961105
12046,0.926168607
12062,0.81425142
12074,0.940693604
12077,0.890459412
12078,0.952347585
12081,0.898029042
12086,0.841042207
12090,0.828130032
12104,0.9611459
12108,0.881268907
12110,0.979109651
12113,0.738045481
12116,0.93115505
12122,0.678575761
12123,0.994468589
12124,1.027762511
12129,0.708268059
12130,0.976414235
12133,0.998859384
12134,0.829225262
12137,0.968604093
12144,0.974030055
12148,0.739592924
12150,0.936181343
12160,0.995996971
12161,0.950085957
12167,0.889524387
12169,0.964129682
12170,0.985921508
12171,0.919723104
12175,0.96929126
12178,0.90857769
12181,0.914985768
12196,1.010930811
12199,0.924101898
12201,0.87347901
12207,0.973364001
12212,0.95263716
12213,0.985732109
12215,0.765793117
12217,0.941959357
12221,1.010539704
12223,0.946154166
12232,0.921482511
12233,0.932264089
12237,0.883723294
12238,0.896320448
12247,0.973095858
12252,0.768332468
12256,0.888923634
12260,0.722089061
12265,0.947005942
12285,0.849156477
12286,0.951812405
12300,0.975262893
12301,0.860346562
12307,0.890966971
12312,1.000085375
12313,0.905139641
12320,0.767858274
12330,0.947728185
12332,0.974081286
12343,0.78186117
12354,0.917318327
12355,0.832255583
12357,0.939450362
12358,0.89489732
12375,0.9269123
12380,0.782630883
12383,0.821379141
12387,0.91613246
12389,0.895068407
12390,0.83277825
12391,0.854702711
12395,0.977204879
12396,0.885807872
12397,0.894592413
12398,0.945442226
12399,0.999210713
12400,1.002085938
12406,0.913023317
12413,0.79265367
12414,0.964098636
12416,0.631063353
12420,0.921539877
12421,0.961349427
12430,0.883104908
12440,1.013464283
12445,0.988175127
12447,0.957517235
12449,0.843125089
12450,0.719362678
12452,0.956847164
12455,0.907122177
12457,0.748368164
12464,0.7764068
12466,0.817613289
12471,0.816923935
12472,0.770260122
12485,0.853312424
12486,0.942910998
12489,0.966880157
12492,0.913311829
12500,0.856857761
12502,0.92344081
12503,0.952601383
12504,1.002277073
12507,0.955727628
12508,0.927163984
12509,0.908336744
12510,0.999993612
12515,0.813461757
12517,0.913889248
12520,0.775630725
12522,0.885704244
12532,0.926707782
12535,0.95143586
12537,0.969850601
12539,0.985070444
12542,0.856875561
12543,0.948704612
12546,0.97120912
12547,0.888596556
12549,0.962220124
12550,0.985537887
12553,0.909043564
12562,0.858332805
12563,0.981103975
12564,0.821019407
12575,0.682579334
12590,0.946552516
12591,0.878826431
12603,0.991092346
12608,0.784386993
12613,0.831869864
12616,0.890348144
12617,0.876354739
12619,0.958004889
12627,0.969699732
12629,0.898796259
12631,0.944331003
12634,0.806788462
12636,0.947324039
12637,0.974578992
12641,0.912221137
12644,0.956521428
12649,0.971902143
12653,0.889125199
12654,0.577719645
12657,0.760928363
12658,0.897262767
12664,0.524411478
12666,0.874019337
12671,1.001741226
12674,0.996332505
12677,0.930908267
12678,0.976807427
12680,0.930871254
12691,0.984236386
12701,0.963347714
12704,0.955165094
12707,0.920446499
12710,0.765812835
12712,0.869945024
12713,0.861626027
12732,0.905423775
12738,0.924733444
12743,0.754694447
12744,0.826339867
12753,0.990790351
12759,0.971870742
12765,0.969453068
12766,0.976991169
12782,1.009232189
12786,1.01290634
12788,0.984168057
12797,0.918617001
12801,0.661251228
12809,0.856226462
12820,0.975461257
12821,0.963275253
12822,0.963644412
12823,0.958480682
12827,0.825141402
12828,0.51278112
12833,0.701157892
12839,0.811360563
12840,0.944583408
12842,1.026758598
12847,0.810681073
12850,0.890003172
12851,0.8763239
12855,0.920660031
12856,0.834341704
12860,0.600001087
12862,0.984123265
12866,0.731018202
12869,0.910887159
12872,0.926136164
12873,0.920158696
12882,1.002586552
12885,0.914375395
12887,0.987340205
12890,0.906277261
12895,0.960550282
12898,0.957556451
12899,0.980877299
12908,0.903865969
12911,0.92154139
12912,0.888520333
12917,0.91676529
12918,1.007089235
12920,0.936583747
12921,0.877682169
12927,0.977676723
12940,0.986009111
12951,0.994132269
12953,0.933191862
12956,0.94442351
12961,0.793310937
12971,0.931436638
12981,0.977613027
12983,0.93795104
12995,0.709994707
12997,0.93610359
13002,1.025912686
13006,0.460646568
13013,0.77121721
13018,0.83812503
13022,1.001656597
13023,0.965679975
13026,0.825595403
13027,0.748478092
13029,0.893951981
13038,0.700492525
13040,0.9121874
13051,0.899442544
13052,0.894765047
13054,0.874105066
13056,0.83459766
13057,0.943390752
13058,0.90172658
13063,0.909087405
13072,0.968002067
13073,0.910468406
13076,0.9482211
13077,0.948813603
13094,0.953802593
13096,1.001721438
13098,0.872887996
13115,0.981413596
13118,0.788757842
13122,0.915154192
13124,0.928168022
13128,0.84691702
13132,0.854730966
13137,0.932155052
13141,0.940930454
13142,0.803024692
13145,1.009982842
13153,0.942788695
13154,0.77733939
13157,0.79033587
13158,0.773467063
13163,0.805566157
13167,0.882293918
13181,0.894000962
13186,0.952772175
13187,0.998772958
13188,0.957172112
13190,0.976539237
13191,0.863339983
13194,0.986714505
13195,0.793179235
13199,0.902906722
13209,0.93130798
13213,0.92111452
13214,0.837121438
13220,0.919706834
13222,0.96315138
13225,0.959364138
13226,0.939092138
13229,0.977132669
13230,0.878187573
13231,0.917233441
13232,0.891071801
13236,0.924207121
13241,0.956853183
13242,0.865767908
13247,0.840863127
13248,0.582960983
13250,0.886354768
13251,0.927365031
13252,0.898556231
13253,0.886823704
13255,0.861301989
13257,0.811535559
13260,0.921116201
13261,0.907477581
13263,0.843390741
13266,0.867190975
13269,1.003151979
13273,0.890171335
13274,0.899582655
13277,0.941312388
13281,0.846100232
13288,0.850261658
13290,0.651116489
13297,0.869099793
13308,0.862574054
13321,0.932082819
13322,0.865311989
13324,0.868138759
13331,0.993257106
13336,0.93208617
13346,0.811616718
13347,0.904735251
13354,0.971071705
13355,0.894024116
13357,0.978282442
13369,0.935652399
13371,0.950966792
13378,1.015426702
13381,0.861278734
13383,0.708919686
13384,0.967113276
13386,0.76302109
13397,0.962258743
13399,0.848393678
13412,0.725984612
13416,0.913545663
13420,0.957653718
13433,0.714755565
13440,0.708592567
13446,0.762961493
13447,0.742850646
13455,0.986386326
13456,0.891173658
13462,0.672795151
13463,0.964990109
13464,1.013574879
13469,0.84554887
13472,0.951321661
13480,0.877453084
13481,0.946891705
13485,0.603734664
13490,0.939099564
13494,0.908072426
13496,0.934344552
13497,0.804786987
13510,0.920093407
13511,0.704826169
13513,1.021149881
13514,0.86932416
13516,0.766258186
13519,0.973422463
13522,0.961009781
13523,0.90663706
13524,0.866644149
13541,0.946526949
13548,0.878483491
13549,1.028735361
13552,0.930593674
13554,0.856764022
13555,0.953437233
13556,0.884927623
13558,0.997965228
13559,0.815145579
13562,0.964211045
13563,0.892288849
13569,0.721091609
13570,0.683841704
13573,0.915098074
13574,0.887985045
13586,0.842481297
13591,0.603084845
13595,0.925854977
13602,0.913448416
13609,0.729351149
13610,0.918629632
13623,0.949091822
13626,0.406186614
13632,0.976058293
13633,0.869836402
13638,0.864171364
13645,1.001473673
13647,0.855097845
13653,0.933262957
13656,0.930521536
13660,0.881732692
13663,0.912437566
13666,0.87770021
13671,0.888140992
13672,0.876977007
13673,0.296740783
13676,0.904985489
13677,0.760714224
13678,0.77150222
13682,0.945363511
13687,0.932918301
13698,0.906371514
13701,0.78987619
13709,1.000119082
13710,0.843359616
13715,0.897166954
13718,0.93736524
13723,0.931344016
13727,0.810982245
13728,0.975809772
13736,0.920360895
13737,0.902923979
13741,1.011921134
13747,0.88191348
13756,0.891803265
13758,0.834275286
13761,0.936858731
13767,0.857247054
13769,0.759487972
13770,0.933357893
13776,0.83414187
13784,0.978849148
13785,0.925247848
13787,0.877170662
13792,0.966549764
13795,0.745063203
13801,0.983540392
13808,0.861207441
13809,0.725108405
13815,0.824319812
13818,0.74198144
13820,0.95528937
13822,0.840640754
13824,0.238817586
13825,0.911831638
13830,0.704377458
13831,1.011245311
13832,0.850376898
13834,1.012860927
13837,1.041225021
13839,0.94116255
13840,0.981824516
13843,0.966886737
13847,0.841538577
13852,0.727711813
13853,0.541414754
13855,0.962624124
13856,0.655258275
13860,0.884996708
13861,0.906669135
13863,0.910710596
13865,0.869457007
13871,0.905779327
13873,0.920416482
13878,0.77913996
13879,0.961976707
13880,0.904557558
13888,0.806419641
13889,0.881381484
13893,0.888752058
13894,0.964852144
13895,1.020764728
13896,0.881418956
13901,0.984599738
13908,0.938769825
13910,0.683770056
13914,0.997715331
13923,0.913651711
13926,0.772338052
13927,0.80730355
13929,0.968284182
13936,0.824709125
13937,1.001985814
13939,0.908223345
13951,0.953830564
13954,0.926153637
13958,0.732131112
13969,0.830644039
13981,0.61030548
13982,0.934457152
13984,0.949899241
13988,0.770088545
13990,0.862740519
13992,0.972886139
14000,0.852119294
14001,0.954726475
14002,0.835845767
14003,0.980193327
14007,0.988696737
14009,1.012175638
14010,0.863609029
14018,0.937279489
14020,0.819146663
14025,0.836537823
14028,0.986454964
14044,0.913877108
14045,0.756262566
14048,0.88556368
14052,0.954892114
14055,0.983950326
14058,0.932383248
14063,0.844448721
14066,0.997258726
14070,0.932457175
14071,0.850773783
14087,0.965433589
14088,0.984507568
14089,0.785425829
14090,0.95799626
14112,0.945349539
14113,0.886518719
14120,0.954455385
14124,0.978319705
14126,0.917519937
14133,0.753975999
14134,0.958505415
14142,0.9781968
14147,1.017818467
14151,0.942817881
14158,0.975266066
14161,0.872722687
14162,0.984661758
14168,1.038208954
14173,0.921435943
14174,0.967284771
14178,0.9719892
14181,0.829101949
14190,0.699753151
14196,0.947406594
14199,0.874958743
14217,0.972583744
14218,0.990405686
14222,0.963040109
14225,0.70481266
14226,0.977264349
14240,0.948981807
14245,0.82436615
14249,0.795090824
14252,0.762492914
14256,0.775903738
14260,0.766144793
14261,0.834925459
14262,0.85490145
14264,0.927997614
14265,0.48663546
14272,0.866537185
14275,0.818446661
14276,0.589314925
14278,0.911389914
14284,0.930134073
14285,0.940899021
14287,0.810010409
14289,0.852214846
14293,0.77895398
14302,0.958252883
14303,0.991990582
14305,0.837690804
14306,0.958024231
14307,1.022366693
14310,0.897279501
14314,0.552199213
14317,0.97790583
14319,0.797610392
14320,0.994664198
14321,0.911649117
14327,0.825957993
14328,0.961152788
14329,0.979326505
14336,0.907302748
14337,0.986725076
14338,0.909122669
14340,0.701906696
14358,0.840569679
14360,0.771966226
14361,0.763077915
14369,0.960272353
14371,0.863947597
14381,0.800000612
14385,0.950502726
14389,0.89838962
14390,0.873060843
14394,0.839043998
14404,1.011103546
14408,0.628152663
14411,0.865432125
14428,0.838600816
14436,0.967400195
14446,0.974929179
14449,0.998937729
14463,0.938860518
14466,0.865467801
14468,0.870075832
14470,0.517154567
14471,0.742779417
14482,0.946482291
14485,0.895787369
14487,0.860145691
14488,0.922061967
14491,0.557684284
14492,0.99327088
14502,0.96549871
14503,0.972400988
14505,0.929301474
14508,0.930759436
14518,0.869249319
14521,0.962625675
14528,0.964188287
14535,0.94673765
14539,0.822324912
14547,0.907272019
14551,0.982461484
14562,0.91095996
14567,0.863725252
14568,0.708426997
14574,0.764224891
14579,0.940729629
14582,0.87488077
14583,0.966223889
14588,0.99862482
14590,0.824820799
14592,0.928738778
14593,1.012844161
14594,0.460272393
14603,0.880691534
14611,0.921928901
14612,0.965824113
14619,0.846126006
14621,0.83437265
14623,0.87315311
14628,0.993104021
14639,0.957172612
14640,0.975557037
14641,0.929719742
14646,0.901109166
14661,0.977805723
14668,0.926228557
14669,0.967128068
14670,0.845578367
14678,0.894653277
14684,0.949524076
14686,0.770949733
14688,0.875900556
14689,0.940740408
14692,0.883150553
14694,0.901186187
14698,0.975246826
14706,0.874787834
14708,0.930935714
14709,0.963843138
14714,0.936125002
14716,0.86490688
14717,0.913440666
14718,0.923800458
14727,0.970482993
14731,0.989976381
14738,0.948246992
14743,0.715429865
14744,0.914366265
14746,0.956943637
14749,0.949833187
14750,0.960385327
14751,0.85214423
14757,0.78903055
14758,0.975535955
14759,0.887519155
14760,0.968125156
14761,0.917256594
14762,0.898173918
14764,0.84229302
14765,0.817552117
14779,0.872792886
14782,0.952064519
14786,0.903280898
14787,0.887694031
14794,0.911753661
14796,0.74857848
14799,0.995295082
14801,0.966228918
14803,0.915275597
14804,0.94232532
14809,1.007347365
14817,0.956095206
14823,0.984807352
14824,0.90105182
14826,0.885284799
14830,0.861494477
14831,0.808540773
14836,1.006897051
14854,0.984435746
14859,0.884504326
14866,0.933071055
14868,0.923036259
14871,0.960861251
14873,0.931950192
14874,1.00729013
14881,0.934706864
14882,0.970799335
14888,0.975939344
14889,0.80290415
14890,1.003641516
14897,0.982755546
14901,0.939979957
14903,0.961279323
14910,0.955288354
14911,0.946046911
14912,0.907993512
14915,0.956210946
14918,0.916459335
14920,0.865200761
14925,0.972942041
14927,0.854047939
14940,0.779818922
14947,0.677891856
14948,0.912938112
14951,0.985882274
14954,0.86291555
14960,0.631928319
14964,0.706824344
14978,0.822777223
14983,0.949970187
14985,0.929683695
14987,0.892493091
14992,0.891775758
14997,0.997779897
14998,0.990993928
15002,0.797739999
15007,0.906352777
15010,0.938456692
15011,0.930771468
15012,0.940715259
15015,0.934007842
15021,0.743989205
15024,0.973209913
15027,0.856023581
15028,0.977353841
15029,0.893708498
15031,0.984421027
15032,1.020192693
15038,0.902811923
15042,0.768690543
15049,0.795556897
15050,0.893750563
15051,0.962768769
15059,0.964627485
15069,0.881245951
15081,0.670062164
15098,0.909096979
15099,0.951803872
15100,0.919848559
15102,0.867318031
15103,0.693408014
15114,0.930630909
15126,0.878585233
15128,0.909346309
15134,0.981112954
15137,0.926614262
15140,1.019888142
15141,0.983166419
15142,0.863267394
15143,0.978716084
15148,0.887689409
15163,0.905270286
15168,0.97239958
15172,0.918155506
15173,0.780177447
15175,1.035533533
15179,1.009788307
15182,0.963090359
15185,1.007047961
15192,0.943688203
15194,0.890964554
15196,0.910147934
15213,0.987545643
15215,0.939422522
15216,0.790251732
15217,0.724391964
15219,0.818243681
15220,0.81315794
15223,0.750551428
15226,0.996760294
15230,0.862207931
15234,0.787311607
15239,0.803843001
15247,0.92950047
15252,0.631396697
15253,0.95579901
15255,0.719078828
15262,0.959290888
15268,0.866018241
15270,0.74741776
15277,0.881021803
15278,0.95064966
15281,0.879706108
15284,0.673850394
15285,0.822745702
15288,0.907616244
15291,1.019676699
15293,0.888768829
15296,0.678000072
15297,0.866591299
15298,0.975590194
15300,0.868264898
15314,0.754738641
15321,0.948279443
15323,0.931029759
15324,0.971317518
15327,0.64275449
15328,0.915874257
15344,0.939572225
15349,0.843181419
15353,0.840915131
15355,0.910670291
15360,0.782558887
15365,0.985537224
15366,0.887787524
15368,0.484624401
15371,0.888160558
15382,0.834222742
15384,0.856628677
15385,0.966751157
15391,0.951143765
15402,0.843289249
15406,1.022599664
15409,0.97907521
15410,0.930457554
15431,0.953065941
15435,0.974718712
15436,0.636032569
15441,1.010950536
15444,0.942888419
15445,0.825357393
15446,0.910124793
15454,0.704407158
15459,0.960113419
15460,0.629177796
15466,0.942889347
15470,0.936985674
15471,1.000037978
15475,0.990686567
15477,0.616397105
15485,0.976354632
15489,0.958388196
15490,0.996099339
15496,0.973070895
15505,0.963205101
15510,0.947658307
15514,0.911176393
15527,0.971307184
15531,0.597663212
15535,0.923493962
15537,0.927520901
15541,0.891172822
15545,0.912744367
15546,0.996298612
15552,0.955223283
15562,0.928712177
15567,0.867615945
15572,0.95962133
15577,0.921460442
15580,0.847661584
15584,0.899391113
15588,0.984604821
15592,0.87684273
15595,0.975741134
15598,0.672169153
15602,0.958852182
15606,0.768658414
15617,0.923344448
15627,0.869912729
15628,0.925238122
15629,0.980257753
15645,1.002366027
15646,0.732710293
15648,0.905432415
15649,0.933341583
15650,0.949463532
15652,0.964142845
15655,1.010456793
15658,0.902182076
15663,0.843093817
15666,0.783972679
15675,0.822737537
15680,0.74764009
15681,0.555116931
15683,0.872413129
15688,0.826313019
15691,0.912619776
15704,0.89545119
15714,0.985529252
15720,0.965621672
15728,0.731425838
15729,0.903962531
15733,0.853033101
15745,0.817493046
15754,0.861202621
15756,0.817274157
15763,0.950199597
15779,0.991286338
15785,0.957842675
15786,0.908635885
15789,0.943984518
15791,0.920568563
15794,0.970704858
15800,0.781970525
15805,0.920357182
15806,0.831320171
15813,0.958018782
15822,0.74675435
15826,0.824817281
15827,0.961612673
15829,0.943766787
15831,0.969982368
15833,0.962746761
15835,0.702898875
15838,0.94882251
15840,0.937932899
15846,0.762193595
15851,0.847246209
15853,0.851283484
15854,0.699002867
15858,0.802279834
15859,0.822797726
15865,0.931344215
15879,0.697991359
15881,0.518597881
15884,0.884127206
15887,0.945398481
15891,0.694476466
15893,0.987108768
15903,0.946373896
15905,1.017364639
15907,0.503044117
15921,0.948305148
15932,0.850590685
15935,0.960909792
15936,0.960483119
15942,0.764256495
15945,0.996834089
15948,0.904853192
15949,0.957307627
15950,1.015188776
15954,0.943758199
15956,0.925892542
15965,0.598737132
15966,0.979535459
15968,0.71155717
15969,1.008872824
15971,0.981110104
15973,0.844591479
15975,0.965601039
15983,0.874788715
15986,0.917248713
15998,0.913743441
16000,0.309894207
16003,0.890377839
16010,0.889587762
16011,0.807193464
16016,0.952647578
16023,0.928995598
16025,0.934897226
16026,0.322426123
16028,0.970021367
16030,0.726120824
16038,0.943211829
16042,1.034254939
16043,0.861017261
16057,1.008162189
16059,0.936721844
16063,0.798299188
16065,0.992670674
16074,0.814561764
16077,0.820161561
16081,0.961633461
16085,0.948961246
16086,0.895688712
16095,0.970152708
16099,0.81202326
16102,0.705302626
16106,0.941090923
16110,0.917103712
16118,0.905447933
16136,0.985009455
16138,0.960526432
16144,0.875466406
16146,0.584902713
16147,0.937622275
16148,0.991786496
16153,0.970148602
16155,0.93955025
16156,0.756205203
16158,0.722232342
16166,0.804847286
16167,0.918684886
16178,0.960429449
16179,0.993169637
16180,0.94533736
16186,0.972710385
16188,0.992172758
16197,0.921706022
16204,0.95785386
16206,0.875225619
16217,0.978258664
16218,0.875641144
16220,0.919922266
16227,0.774378512
16231,1.042140124
16234,0.944052615
16236,0.908867508
16237,0.723640976
16242,0.840505806
16243,0.795969334
16248,0.881905961
16257,0.954291734
16262,0.943803807
16264,0.875278337
16265,0.949352127
16266,0.894252162
16270,0.971803292
16272,0.969401298
16273,0.976957703
16276,0.87570965
16277,0.930222587
16281,0.612012152
16291,0.671671098
16293,0.900250366
16295,0.693293792
16297,0.935604772
16298,0.905896709
16303,0.982516587
16309,0.955150539
16318,0.948288956
16327,0.875662318
16335,0.865566254
16340,0.690199206
16343,0.961984573
16346,0.70501186
16357,0.950806328
16358,0.86259292
16359,0.618717702
16364,0.937276009
16367,0.966058858
16375,0.940511417
16386,0.926128129
16395,0.935870161
16398,0.419700735
16401,0.951802531
16403,0.818080164
16409,0.979687571
16412,1.00624392
16413,1.006676569
16415,0.839113756
16422,0.701939829
16428,0.697667977
16430,0.754056371
16433,0.88372336
16446,0.993345285
16469,0.976608883
16476,1.00296139
16477,0.747037543
16491,0.814681437
16501,0.986215215
16510,0.513715698
16511,0.751342543
16512,0.905705179
16513,0.969168848
16516,0.81808269
16519,0.967501983
16522,0.943779351
16531,0.90194144
16539,0.988167745
16544,0.61454607
16547,0.882063262
16551,0.987486807
16562,0.981575583
16569,0.893461611
16578,1.000678862
16579,0.939697758
16581,0.970063826
16588,0.93923448
16589,0.818254617
16590,0.950360697
16597,0.963290581
16600,0.396334789
16608,0.907460627
16626,0.885414161
16627,0.94969131
16630,0.902547963
16633,0.799895107
16638,0.868230376
16640,0.837661385
16641,0.969796881
16648,0.94300798
16651,0.958811028
16657,0.871737248
16659,0.867754938
16660,1.016111156
16662,0.825523594
16666,0.910348274
16671,0.915820488
16672,0.862559386
16676,0.905034016
16677,0.93023715
16678,0.831936228
16682,0.925753567
16689,0.925640716
16692,1.001357916
16696,0.97806412
16702,0.854784598
16710,0.889629576
16714,0.960507967
16721,0.928109368
16727,0.781358081
16728,1.032129515
16732,0.96272165
16734,0.965004766
16735,0.977804551
16737,0.927284777
16739,0.794373346
16745,0.981049783
16746,0.822366505
16749,0.718677388
16750,0.685725879
16751,0.744301368
16757,0.829117877
16761,0.843870814
16762,0.820217703
16766,1.007195763
16772,0.969371752
16780,0.761084583
16782,0.970108063
16785,0.167265827
16788,0.978355373
16792,0.981205182
16795,0.954990093
16796,0.74652281
16801,0.752968315
16802,0.976581386
16807,0.977563197
16809,0.992383289
16823,0.954698923
16824,0.839737911
16829,0.951964788
16833,0.965862904
16837,0.840611487
16839,0.904793459
16844,0.953573081
16847,0.881592832
16854,0.987572414
16856,1.010249166
16858,0.833725709
16862,0.676116718
16864,0.995506216
16866,0.937398927
16877,1.029732493
16879,0.777190757
16882,0.920010579
16885,0.960305785
16888,0.972456155
16894,1.032519675
16897,0.812542239
16901,0.914412432
16902,0.529595089
16905,0.790503213
16910,0.895499077
16916,0.946882347
16920,0.946700522
16921,0.801264937
16923,0.904555499
16932,0.689612334
16936,0.675747376
16946,0.856254497
16948,0.581143639
16951,0.911321661
16957,0.96584151
16976,0.844497124
16980,0.952069673
16993,0.952901718
16996,0.951450518
16997,0.834409443
16999,0.783239383
17007,0.989298366
17013,0.880724061
17019,1.003817783
17032,0.926462769
17035,0.964388028
17036,0.843063504
17043,0.944915757
17046,0.858381601
17049,1.016672063
17051,0.849042039
17056,0.69138109
17063,0.742203081
17066,0.967490131
17083,0.986858558
17086,0.935115649
17087,0.943906352
17090,0.842800988
17093,0.810309743
17096,0.969616708
17097,0.90345899
17101,0.914943859
17104,0.846929925
17105,0.600173103
17110,0.903643093
17111,0.903691362
17115,0.636812146
17116,0.916068078
17122,0.938306253
17125,0.933352186
17128,0.818294097
17130,0.98674344
17131,0.874677149
17132,0.899628585
17143,0.965253303
17148,0.86222783
17153,0.795768899
17155,0.994002376
17156,0.968510393
17157,0.951701216
17159,0.953521826
17163,0.948668437
17167,0.954411118
17174,0.868068862
17175,0.725520442
17193,0.984725725
17195,0.857747111
17199,0.919850911
17200,0.977151171
17206,0.830862387
17218,0.987713753
17219,0.971723407
17221,0.960867545
17224,0.918966656
17230,0.739813709
17238,0.836323104
17247,0.58105009
17249,0.977334269
17254,0.947218445
17260,0.920940235
17264,0.865330786
17266,0.769013363
17271,0.864392392
17281,0.797694407
17283,0.937212664
17284,0.380624149
17289,0.904386486
17291,0.998421933
17293,0.811398673
17294,0.911533549
17296,0.982742622
17298,0.939912196
17302,0.956417329
17303,0.872960768
17305,0.957957779
17306,0.83757203
17310,0.903067821
17311,1.001897065
17312,0.77355932
17313,0.937235217
17314,0.972063569
17326,0.954473226
17327,0.882633198
17334,0.983077761
17336,0.984540221
17342,0.964088087
17347,0.999833799
17351,0.988578827
17353,0.636951233
17356,0.881562794
17358,0.907568252
17367,0.890600281
17370,0.788346811
17372,0.977399071
17375,1.024096385
17380,1.030065468
17381,0.893111038
17382,0.99186727
17383,0.724081579
17385,0.977173303
17388,0.961784814
17391,0.757147544
17400,0.604167934
17401,0.991851629
17402,0.75573907
17404,0.880427764
17405,0.742187315
17406,0.747184178
17417,0.92570134
17418,0.947082654
17421,1.003318372
17424,0.837187682
17434,0.703940308
17437,0.972925729
17439,0.883899667
17442,0.686822362
17444,0.796820698
17446,0.962641879
17449,0.931470298
17454,0.969771706
17455,0.950268557
17456,0.879301135
17458,0.941975164
17461,0.955735807
17467,0.949782675
17468,0.693944067
17469,0.723779288
17472,0.867410195
17476,0.966840891
17482,0.996357044
17484,0.996219104
17485,0.971424781
17490,0.875637114
17495,0.880637974
17500,0.752794252
17504,0.951509167
17508,0.937285698
17510,0.875961839
17513,0.764778742
17515,0.851349717
17516,0.914787108
17519,0.95990808
17531,0.933155862
17537,0.888569276
17538,0.984838363
17541,0.98971725
17544,0.834935392
17545,0.940411626
17547,0.939861331
17549,0.88671681
17555,0.90274537
17557,0.959638066
17559,0.987882413
17560,0.961722826
17561,0.970469003
17566,0.995005093
17569,0.804291506
17570,0.602322761
17579,0.895452547
17581,0.786506744
17586,0.947104775
17587,0.933512432
17590,1.012898541
17592,0.838091734
17595,0.855209673
17597,0.738963417
17602,0.944784622
17606,0.950644778
17612,0.986284739
17614,0.947361817
17615,0.821699095
17616,0.986148292
17621,0.760087111
17623,0.902413412
17625,0.856608953
17626,1.023576378
17629,0.949519439
17631,0.999662385
17639,0.894710201
17649,0.921717622
17654,0.618200605
17666,0.826418523
17676,0.963941256
17677,0.967672423
17683,0.935707563
17685,0.831089923
17687,0.765265951
17697,0.901007647
17701,0.713764627
17703,0.71850737
17707,0.831075233
17710,0.873206745
17712,0.909479167
17723,0.975894116
17727,0.766609372
17730,1.009051248
17735,0.982646241
17738,0.876748604
17744,0.879431429
17746,0.808719063
17747,0.989498422
17753,0.897040824
17754,0.912033875
17755,0.750052236
17760,0.952488801
17764,0.876559705
17770,0.754158784
17772,0.849733441
17773,0.7828499
17778,0.940270028
17784,0.951205829
17786,0.873978365
17788,0.895406665
17791,0.938778764
17801,0.962635169
17802,0.710048632
17812,0.969108115
17814,1.036704759
17818,0.986682009
17819,0.855835315
17822,0.975637923
17828,0.735862447
17831,0.858989675
17833,0.974928987
17839,0.950102939
17842,0.999254901
17846,0.906408964
17855,0.889934798
17856,0.945095753
17859,0.919488467
17860,0.908007726
17873,0.65861128
17874,0.979818395
17875,0.930158656
17884,0.913492154
17893,0.971383224
17895,0.747290781
17900,0.912885354
17905,0.994051103
17906,0.873578791
17909,0.766551898
17916,0.929046809
17920,0.957557279
17925,0.950919359
17926,0.972072779
17931,1.008305634
17933,1.019766508
17934,1.001469012
17937,0.888081655
17939,0.997849546
17943,0.963718354
17944,0.900024035
17945,0.84197268
17948,0.941050235
17949,0.885356471
17950,0.987907756
17951,0.624816033
17954,0.922696823
17955,0.882083633
17956,0.811806687
17957,0.710781449
17958,0.7266292
17960,0.976706217
17961,0.901818882
17970,1.000407796
17979,0.789913747
17981,0.652851437
17984,0.776959119
17986,0.997045118
17987,0.959541891
17990,0.956168398
17991,0.883874824
17994,0.993152809
18002,0.89072649
18005,0.65794655
18010,0.768160142
18013,0.887917786
18020,0.887375638
18023,0.984911636
18031,0.973565963
18034,0.852032314
18037,0.888699925
18039,0.644539104
18041,0.678092564
18045,0.976309287
18048,0.924650246
18050,0.895157927
18058,0.756715423
18060,1.002810083
18063,0.77789544
18064,0.934155798
18071,0.874463223
18072,0.967730777
18073,0.92469746
18074,0.952158225
18095,0.985131862
18099,0.817624502
18101,1.024840507
18113,0.772466045
18117,0.947950387
18125,0.739569822
18129,0.836436845
18143,0.994524576
18152,0.552480631
18153,0.975218963
18157,0.839105798
18162,0.974258159
18164,0.979445298
18170,1.008404031
18174,0.782113701
18178,0.948483798
18181,0.871497228
18183,0.754560094
18190,0.887431907
18192,0.867475092
18202,0.918765375
18205,0.97434365
18208,0.930344041
18209,0.962336054
18212,0.942381293
18220,0.912061709
18224,0.730426818
18225,0.968763104
18227,0.903404473
18234,0.957655221
18245,1.035847979
18248,0.71148321
18253,0.945662412
18254,1.020137051
18274,0.925764731
18283,0.917724735
18287,0.924375047
18300,0.801929566
18315,0.870462108
18316,0.950030517
18323,0.883512389
18328,0.954170347
18330,0.990733033
18333,0.967110113
18335,0.737365771
18337,0.890847491
18339,0.960311271
18343,1.014359441
18344,0.87562337
18345,0.892872851
18346,0.915551309
18347,0.930823256
18348,0.970197087
18354,0.915240423
18361,0.94652096
18369,0.786544104
18372,0.980264333
18380,0.980072908
18381,0.989573563
18384,0.884020657
18385,0.365275986
18390,0.877491504
18393,0.921389842
18394,0.977595945
18404,0.768595784
18414,0.985612377
18422,1.007804607
18423,0.781548914
18424,0.914074541
18425,0.620828774
18434,0.862143747
18439,0.873507554
18440,0.753706705
18443,0.944323942
18444,0.691325766
18452,0.877207204
18461,0.682920267
18462,0.941522617
18463,0.960888252
18474,0.723042512
18479,0.970803257
18483,0.83090558
18488,0.961006555
18489,0.80784822
18490,0.912253769
18491,0.867723413
18495,0.679002245
18497,0.977486168
18504,0.986696372
18511,0.837612474
18514,0.881040862
18515,0.993509354
18517,0.98228327
18522,0.766576195
18525,0.896539776
18529,0.671192922
18531,0.966448614
18533,1.046441217
18536,0.930044307
18537,0.915546641
18538,0.981776838
18540,0.771663313
18547,0.959851894
18548,0.973055978
18552,0.731269808
18553,0.843086339
18557,0.723386975
18558,0.482512456
18560,0.794297784
18564,0.783223392
18568,0.847338725
18576,0.544254284
18578,0.678823388
18579,0.9479701
18580,0.968029257
18596,0.947915164
18598,0.975771002
18603,0.995000892
18605,0.736456658
18606,0.895176285
18607,0.951798879
18609,0.910178523
18620,0.994994457
18623,0.894046586
18624,0.953934344
18640,0.90906043
18652,0.666705016
18653,0.929486999
18656,0.844459131
18657,0.84307093
18675,0.98596891
18677,0.898707509
18682,0.98777738
18685,0.857431545
18686,0.782955032
18690,0.956444064
18695,0.912263896
18698,0.888052178
18703,0.895267901
18704,0.43344147
18707,0.989212036
18710,0.98773372
18714,0.969543576
18715,0.832572637
18728,0.904521594
18732,0.955882956
18737,0.872275972
18741,0.83103929
18743,0.903717196
18745,0.905839025
18751,0.989776603
18754,0.957610645
18758,0.903617263
18764,0.952118566
18765,0.972251868
18768,0.939191926
18779,0.945715602
18780,0.796045447
18781,0.99450936
18785,0.802058571
18789,1.023741968
18792,0.954394139
18793,0.988093904
18794,0.944779979
18807,0.896439579
18814,0.951999121
18822,0.892592489
18823,0.86695008
18826,0.851698808
18827,0.698206537
18828,0.859814404
18831,0.863152947
18832,0.959834995
18833,0.995305319
18836,0.958219574
18841,0.952348767
18848,0.982564996
18849,0.879971655
18850,0.990921951
18853,0.854957596
18854,0.951281313
18858,0.918481384
18859,0.90319787
18860,0.896093477
18863,0.981413824
18867,1.005123949
18871,0.949193885
18874,0.80893013
18878,0.834327038
18887,1.008791075
18896,0.896914368
18899,1.011653103
18901,0.996574463
18906,0.861535846
18908,0.951817645
18910,0.789993239
18912,1.021309077
18913,0.896905545
18920,0.923458489
18923,0.934755778
18924,0.907479391
18926,0.949566271
18930,0.989790156
18934,0.984687426
18938,0.938089199
18939,0.935169018
18945,1.016364073
18947,0.406701723
18948,0.855138538
18949,0.826519074
18951,0.866002319
18952,0.885181693
18954,0.942393421
18969,0.913873913
18977,0.883596911
18979,0.808881247
18980,0.998301316
18981,0.756485709
18984,1.00532007
18988,0.918736002
18989,0.972193223
18991,0.640724589
19007,0.906742848
19008,0.988741111
19009,0.966021751
19016,0.962298929
19023,0.789777373
19029,0.368105517
19030,0.744562874
19032,0.746409409
19033,0.958195729
19041,0.776166709
19042,0.993196399
19043,0.759583069
19045,0.888140735
19049,1.009744839
19052,0.943385997
19055,0.791315156
19061,0.973933185
19066,0.977921697
19067,0.697713502
19077,0.865440276
19078,0.936339676
19081,0.978051493
19083,0.941964194
19084,0.287295754
19087,0.98327964
19090,0.95227568
19094,0.958189514
19101,1.001836158
19104,0.970236553
19112,0.85283058
19118,0.822850483
19127,0.819590483
19130,0.81493829
19131,0.874277965
19132,0.982915322
19135,1.00822852
19136,0.743716817
19137,0.98563565
19138,0.97116763
19144,0.971028794
19145,0.874243614
19157,0.786915225
19166,0.713533034
19174,0.851256
19177,0.863275978
19180,0.93707305
19188,0.928549204
19197,0.989016357
19202,0.925629964
19208,0.973314663
19210,0.8695786
19212,0.735461753
19213,0.771847962
19217,0.772393065
19220,0.941758974
19227,0.949261591
19240,0.942891355
19241,0.913704015
19243,0.870408528
19247,0.923420757
19248,0.89148897
19249,0.92864433
19250,0.968332637
19251,0.655303941
19253,0.466258373
19259,0.887376763
19264,0.870219305
19268,0.891489043
19270,0.962124392
19274,0.744967786
19278,0.641030215
19279,0.837984933
19280,0.847602088
19284,0.647717524
19286,0.950102363
19289,0.993626892
19290,0.786715892
19293,0.927412193
19294,0.793546839
19296,0.915444487
19298,0.947266619
19302,0.846155651
19303,0.906031592
19304,0.98892038
19307,0.766755983
19311,0.917672136
19312,0.679918132
19318,0.881776108
19329,0.792040729
19333,0.981743587
19337,1.004563004
19341,0.889559396
19343,0.967825216
19344,0.897779987
19345,0.908820746
19346,0.932787577
19347,0.942753142
19352,0.911919438
19357,0.94357077
19361,0.927871184
19364,0.989975504
19376,0.78012838
19387,0.981285162
19388,1.020073475
19393,0.821953231
19396,0.855757262
19398,0.296376315
19404,0.983796663
19415,0.989129276
19416,1.006623809
19417,0.864802029
19420,0.850988908
19421,0.997488446
19422,0.971982203
19424,0.898582685
19428,0.812773384
19437,0.790245973
19440,0.961624615
19443,0.912616231
19453,0.933855378
19461,0.869982644
19464,0.955587449
19470,0.971216393
19481,0.99028784
19483,0.962998835
19484,0.977431349
19487,0.994179096
19495,0.861781846
19498,0.787146424
19499,0.96265513
19501,0.744273203
19505,0.847668009
19506,0.936156269
19508,0.896145108
19510,0.84104965
19513,0.818348501
19516,0.956644841
19523,0.842457628
19524,0.938303382
19531,0.951100494
19533,0.809994427
19537,0.855004997
19541,0.969615609
19542,0.861804899
19543,0.862850719
19545,0.907758494
19549,0.920325168
19550,0.898378096
19553,0.956769451
19554,0.791734061
19555,0.963225193
19558,1.006814603
19559,0.753868922
19564,0.864356458
19575,0.847507935
19579,0.898804001
19583,0.988890736
19584,0.955050465
19586,0.952027894
19587,0.970685651
19588,0.982166299
19591,0.981780236
19599,0.806074993
19602,0.965068549
19610,0.927421907
19613,0.879653695
19616,0.947370675
19622,0.989244527
19623,0.901357736
19629,0.888046433
19630,0.943080701
19635,0.789046559
19637,0.954945914
19642,0.861026763
19644,0.929020809
19645,0.959963315
19646,0.909844982
19647,0.979249918
19651,0.925941
19654,1.018971754
19663,0.942959519
19665,0.990310041
19667,0.924244646
19670,0.793500239
19683,0.940975114
19685,0.935177333
19690,0.914919039
19694,1.042578222
19696,0.943913534
19703,0.978393935
19705,0.994406786
19708,0.945864159
19717,0.878748169
19727,0.908495017
19728,0.636216707
19740,0.836970184
19742,0.98177176
19744,0.987028721
19745,0.966176532
19747,0.840762515
19748,1.003245548
19750,0.963108919
19753,0.883322824
19754,0.867511521
19757,0.897194455
19764,0.974374897
19767,0.720480201
19769,1.017454103
19779,0.9912615
19781,0.975176842
19782,0.846806483
19783,0.658420303
19787,0.832806927
19788,0.652461274
19792,0.922149538
19801,0.674218209
19803,0.918289267
19805,0.89982312
19812,0.838566792
19820,0.966725814
19821,1.00739053
19830,0.896449851
19831,0.975226469
19832,0.984723559
19837,0.956090279
19839,0.992251422
19843,0.860548537
19855,0.740040317
19857,0.512088433
19858,0.810868279
19866,0.951901704
19871,0.833366792
19876,1.011678513
19884,0.983524613
19890,0.978817053
19899,0.665818662
19901,1.00418724
19902,0.906241007
19905,0.655793493
19908,1.024955228
19910,0.719056302
19911,0.991904251
19912,0.979170867
19916,0.907880653
19925,0.921395283
19932,0.885100837
19934,0.959918078
19936,0.792513904
19938,0.596173998
19942,0.860123534
19944,0.895419493
19945,0.951460253
19947,0.923315776
19950,0.714171613
19953,0.84522071
19957,0.83775585
19959,0.987091168
19965,0.927778439
19966,0.99555707
19970,0.880939196
19972,0.805921727
19976,0.939062244
19978,0.681625114
19980,0.892720582
19984,0.866851522
19985,0.867813781
19990,0.927931307
19991,0.877345591
19995,0.919279731
19996,0.861505996
